alpha,penalty,loss,l1_ratio,warm_start,accuracy,precision,recall,f1,true-negative,false-negative,false-positive,true-positive
0.0001,l2,hinge,0.15,False,0.7368421052631579,0.6119402985074627,0.6307692307692307,0.6212121212121212,99,24,26,41
0.0001,l2,hinge,0.15,True,0.7526315789473684,0.7368421052631579,0.4307692307692308,0.5436893203883496,115,37,10,28
0.0001,l2,hinge,0.3,False,0.7052631578947368,0.68,0.26153846153846155,0.37777777777777777,117,48,8,17
0.0001,l2,hinge,0.3,True,0.7631578947368421,0.6785714285714286,0.5846153846153846,0.6280991735537191,107,27,18,38
0.0001,l2,hinge,0.45,False,0.7578947368421053,0.6938775510204082,0.5230769230769231,0.5964912280701755,110,31,15,34
0.0001,l2,hinge,0.45,True,0.7473684210526316,0.717948717948718,0.4307692307692308,0.5384615384615385,114,37,11,28
0.0001,l2,hinge,0.6,False,0.7473684210526316,0.7297297297297297,0.4153846153846154,0.5294117647058824,115,38,10,27
0.0001,l2,hinge,0.6,True,0.7315789473684211,0.6944444444444444,0.38461538461538464,0.49504950495049505,114,40,11,25
0.0001,l2,hinge,0.75,False,0.7526315789473684,0.6666666666666666,0.5538461538461539,0.6050420168067226,107,29,18,36
0.0001,l2,hinge,0.75,True,0.7210526315789474,0.8333333333333334,0.23076923076923078,0.3614457831325301,122,50,3,15
0.0001,l2,log,0.15,False,0.7526315789473684,0.6607142857142857,0.5692307692307692,0.6115702479338843,106,28,19,37
0.0001,l2,log,0.15,True,0.7473684210526316,0.717948717948718,0.4307692307692308,0.5384615384615385,114,37,11,28
0.0001,l2,log,0.3,False,0.7526315789473684,0.68,0.5230769230769231,0.591304347826087,109,31,16,34
0.0001,l2,log,0.3,True,0.7526315789473684,0.6956521739130435,0.49230769230769234,0.5765765765765766,111,33,14,32
0.0001,l2,log,0.45,False,0.7526315789473684,0.6216216216216216,0.7076923076923077,0.6618705035971223,97,19,28,46
0.0001,l2,log,0.45,True,0.7368421052631579,0.7027027027027027,0.4,0.5098039215686274,114,39,11,26
0.0001,l2,log,0.6,False,0.7315789473684211,0.7692307692307693,0.3076923076923077,0.4395604395604395,119,45,6,20
0.0001,l2,log,0.6,True,0.7263157894736842,0.7407407407407407,0.3076923076923077,0.4347826086956522,118,45,7,20
0.0001,l2,log,0.75,False,0.7315789473684211,0.6166666666666667,0.5692307692307692,0.5920000000000001,102,28,23,37
0.0001,l2,log,0.75,True,0.7210526315789474,0.75,0.27692307692307694,0.40449438202247195,119,47,6,18
0.0001,l2,modified_huber,0.15,False,0.7578947368421053,0.6507936507936508,0.6307692307692307,0.640625,103,24,22,41
0.0001,l2,modified_huber,0.15,True,0.7631578947368421,0.7,0.5384615384615384,0.608695652173913,110,30,15,35
0.0001,l2,modified_huber,0.3,False,0.6631578947368421,0.5043478260869565,0.8923076923076924,0.6444444444444444,68,7,57,58
0.0001,l2,modified_huber,0.3,True,0.7421052631578947,0.6739130434782609,0.47692307692307695,0.5585585585585586,110,34,15,31
0.0001,l2,modified_huber,0.45,False,0.6526315789473685,0.4957983193277311,0.9076923076923077,0.641304347826087,65,6,60,59
0.0001,l2,modified_huber,0.45,True,0.7526315789473684,0.7045454545454546,0.47692307692307695,0.5688073394495413,112,34,13,31
0.0001,l2,modified_huber,0.6,False,0.6947368421052632,0.8888888888888888,0.12307692307692308,0.21621621621621623,124,57,1,8
0.0001,l2,modified_huber,0.6,True,0.6947368421052632,0.5368421052631579,0.7846153846153846,0.6375000000000001,81,14,44,51
0.0001,l2,modified_huber,0.75,False,0.7684210526315789,0.8181818181818182,0.4153846153846154,0.5510204081632654,119,38,6,27
0.0001,l2,modified_huber,0.75,True,0.7684210526315789,0.6842105263157895,0.6,0.639344262295082,107,26,18,39
0.0001,l2,squared_hinge,0.15,False,0.46842105263157896,0.3888888888888889,0.9692307692307692,0.5550660792951542,26,2,99,63
0.0001,l2,squared_hinge,0.15,True,0.7157894736842105,0.5591397849462365,0.8,0.6582278481012658,84,13,41,52
0.0001,l2,squared_hinge,0.3,False,0.6736842105263158,0.8,0.06153846153846154,0.1142857142857143,124,61,1,4
0.0001,l2,squared_hinge,0.3,True,0.7421052631578947,0.6212121212121212,0.6307692307692307,0.6259541984732825,100,24,25,41
0.0001,l2,squared_hinge,0.45,False,0.7578947368421053,0.6557377049180327,0.6153846153846154,0.634920634920635,104,25,21,40
0.0001,l2,squared_hinge,0.45,True,0.4368421052631579,0.3764705882352941,0.9846153846153847,0.5446808510638298,19,1,106,64
0.0001,l2,squared_hinge,0.6,False,0.7842105263157895,0.74,0.5692307692307692,0.6434782608695652,112,28,13,37
0.0001,l2,squared_hinge,0.6,True,0.7421052631578947,0.6904761904761905,0.4461538461538462,0.5420560747663552,112,36,13,29
0.0001,l2,squared_hinge,0.75,False,0.7,0.7857142857142857,0.16923076923076924,0.2784810126582279,122,54,3,11
0.0001,l2,squared_hinge,0.75,True,0.7473684210526316,0.639344262295082,0.6,0.619047619047619,103,26,22,39
0.0001,l2,perceptron,0.15,False,0.7684210526315789,0.7333333333333333,0.5076923076923077,0.6,113,32,12,33
0.0001,l2,perceptron,0.15,True,0.7526315789473684,0.6551724137931034,0.5846153846153846,0.6178861788617886,105,27,20,38
0.0001,l2,perceptron,0.3,False,0.7473684210526316,0.7428571428571429,0.4,0.52,116,39,9,26
0.0001,l2,perceptron,0.3,True,0.7157894736842105,0.8235294117647058,0.2153846153846154,0.3414634146341464,122,51,3,14
0.0001,l2,perceptron,0.45,False,0.7263157894736842,0.7407407407407407,0.3076923076923077,0.4347826086956522,118,45,7,20
0.0001,l2,perceptron,0.45,True,0.6789473684210526,0.8333333333333334,0.07692307692307693,0.14084507042253522,124,60,1,5
0.0001,l2,perceptron,0.6,False,0.7052631578947368,0.9090909090909091,0.15384615384615385,0.26315789473684215,124,55,1,10
0.0001,l2,perceptron,0.6,True,0.7052631578947368,0.9090909090909091,0.15384615384615385,0.26315789473684215,124,55,1,10
0.0001,l2,perceptron,0.75,False,0.7315789473684211,0.7333333333333333,0.3384615384615385,0.4631578947368421,117,43,8,22
0.0001,l2,perceptron,0.75,True,0.4789473684210526,0.39375,0.9692307692307692,0.5599999999999999,28,2,97,63
0.0001,l2,squared_loss,0.15,False,0.6842105263157895,0.5287356321839081,0.7076923076923077,0.6052631578947368,84,19,41,46
0.0001,l2,squared_loss,0.15,True,0.6736842105263158,1.0,0.046153846153846156,0.08823529411764706,125,62,0,3
0.0001,l2,squared_loss,0.3,False,0.6842105263157895,1.0,0.07692307692307693,0.14285714285714288,125,60,0,5
0.0001,l2,squared_loss,0.3,True,0.6947368421052632,0.6842105263157895,0.2,0.30952380952380953,119,52,6,13
0.0001,l2,squared_loss,0.45,False,0.37894736842105264,0.3502824858757062,0.9538461538461539,0.512396694214876,10,3,115,62
0.0001,l2,squared_loss,0.45,True,0.3526315789473684,0.34408602150537637,0.9846153846153847,0.5099601593625498,3,1,122,64
0.0001,l2,squared_loss,0.6,False,0.7368421052631579,0.8571428571428571,0.27692307692307694,0.41860465116279066,122,47,3,18
0.0001,l2,squared_loss,0.6,True,0.7263157894736842,0.782608695652174,0.27692307692307694,0.4090909090909091,120,47,5,18
0.0001,l2,squared_loss,0.75,False,0.7157894736842105,0.9230769230769231,0.18461538461538463,0.3076923076923077,124,53,1,12
0.0001,l2,squared_loss,0.75,True,0.42105263157894735,0.36363636363636365,0.9230769230769231,0.5217391304347827,20,5,105,60
0.0001,l2,huber,0.15,False,0.7368421052631579,0.8,0.3076923076923077,0.4444444444444444,120,45,5,20
0.0001,l2,huber,0.15,True,0.7421052631578947,0.5952380952380952,0.7692307692307693,0.6711409395973155,91,15,34,50
0.0001,l2,huber,0.3,False,0.7578947368421053,0.7714285714285715,0.4153846153846154,0.54,117,38,8,27
0.0001,l2,huber,0.3,True,0.7526315789473684,0.7368421052631579,0.4307692307692308,0.5436893203883496,115,37,10,28
0.0001,l2,huber,0.45,False,0.7684210526315789,0.8181818181818182,0.4153846153846154,0.5510204081632654,119,38,6,27
0.0001,l2,huber,0.45,True,0.7421052631578947,0.7857142857142857,0.3384615384615385,0.4731182795698925,119,43,6,22
0.0001,l2,huber,0.6,False,0.7526315789473684,0.65,0.6,0.624,104,26,21,39
0.0001,l2,huber,0.6,True,0.7578947368421053,0.8064516129032258,0.38461538461538464,0.5208333333333334,119,40,6,25
0.0001,l2,huber,0.75,False,0.7631578947368421,0.7380952380952381,0.47692307692307695,0.5794392523364486,114,34,11,31
0.0001,l2,huber,0.75,True,0.7315789473684211,0.7916666666666666,0.2923076923076923,0.4269662921348315,120,46,5,19
0.0001,l2,epsilon_insensitive,0.15,False,0.7578947368421053,0.6376811594202898,0.676923076923077,0.6567164179104477,100,21,25,44
0.0001,l2,epsilon_insensitive,0.15,True,0.531578947368421,0.4189189189189189,0.9538461538461539,0.5821596244131455,39,3,86,62
0.0001,l2,epsilon_insensitive,0.3,False,0.6894736842105263,0.5416666666666666,0.6,0.5693430656934306,92,26,33,39
0.0001,l2,epsilon_insensitive,0.3,True,0.7526315789473684,0.8214285714285714,0.35384615384615387,0.4946236559139785,120,42,5,23
0.0001,l2,epsilon_insensitive,0.45,False,0.7157894736842105,0.7037037037037037,0.2923076923076923,0.41304347826086957,117,46,8,19
0.0001,l2,epsilon_insensitive,0.45,True,0.6894736842105263,0.875,0.1076923076923077,0.1917808219178082,124,58,1,7
0.0001,l2,epsilon_insensitive,0.6,False,0.7684210526315789,0.6909090909090909,0.5846153846153846,0.6333333333333333,108,27,17,38
0.0001,l2,epsilon_insensitive,0.6,True,0.6210526315789474,0.47244094488188976,0.9230769230769231,0.625,58,5,67,60
0.0001,l2,epsilon_insensitive,0.75,False,0.7263157894736842,0.7096774193548387,0.3384615384615385,0.4583333333333334,116,43,9,22
0.0001,l2,epsilon_insensitive,0.75,True,0.6526315789473685,0.0,0.0,0.0,124,65,1,0
0.0001,l2,squared_epsilon_insensitive,0.15,False,0.3368421052631579,0.3333333333333333,0.9384615384615385,0.49193548387096775,3,4,122,61
0.0001,l2,squared_epsilon_insensitive,0.15,True,0.34210526315789475,0.34210526315789475,1.0,0.5098039215686275,0,0,125,65
0.0001,l2,squared_epsilon_insensitive,0.3,False,0.6578947368421053,0.0,0.0,0.0,125,65,0,0
0.0001,l2,squared_epsilon_insensitive,0.3,True,0.34210526315789475,0.34210526315789475,1.0,0.5098039215686275,0,0,125,65
0.0001,l2,squared_epsilon_insensitive,0.45,False,0.6578947368421053,0.0,0.0,0.0,125,65,0,0
0.0001,l2,squared_epsilon_insensitive,0.45,True,0.34210526315789475,0.34210526315789475,1.0,0.5098039215686275,0,0,125,65
0.0001,l2,squared_epsilon_insensitive,0.6,False,0.5631578947368421,0.15384615384615385,0.06153846153846154,0.08791208791208792,103,61,22,4
0.0001,l2,squared_epsilon_insensitive,0.6,True,0.38421052631578945,0.3522727272727273,0.9538461538461539,0.5145228215767635,11,3,114,62
0.0001,l2,squared_epsilon_insensitive,0.75,False,0.3473684210526316,0.3422459893048128,0.9846153846153847,0.5079365079365079,2,1,123,64
0.0001,l2,squared_epsilon_insensitive,0.75,True,0.39473684210526316,0.2727272727272727,0.46153846153846156,0.3428571428571428,45,35,80,30
0.0001,l1,hinge,0.15,False,0.7631578947368421,0.6851851851851852,0.5692307692307692,0.6218487394957983,108,28,17,37
0.0001,l1,hinge,0.15,True,0.7526315789473684,0.7647058823529411,0.4,0.5252525252525253,117,39,8,26
0.0001,l1,hinge,0.3,False,0.7315789473684211,0.5853658536585366,0.7384615384615385,0.6530612244897959,91,17,34,48
0.0001,l1,hinge,0.3,True,0.7210526315789474,0.7727272727272727,0.26153846153846155,0.39080459770114945,120,48,5,17
0.0001,l1,hinge,0.45,False,0.7157894736842105,0.5632183908045977,0.7538461538461538,0.6447368421052632,87,16,38,49
0.0001,l1,hinge,0.45,True,0.7526315789473684,0.6285714285714286,0.676923076923077,0.6518518518518519,99,21,26,44
0.0001,l1,hinge,0.6,False,0.7368421052631579,0.6923076923076923,0.4153846153846154,0.5192307692307692,113,38,12,27
0.0001,l1,hinge,0.6,True,0.7473684210526316,0.6888888888888889,0.47692307692307695,0.5636363636363636,111,34,14,31
0.0001,l1,hinge,0.75,False,0.7,0.7,0.2153846153846154,0.32941176470588235,119,51,6,14
0.0001,l1,hinge,0.75,True,0.7578947368421053,0.7209302325581395,0.47692307692307695,0.5740740740740741,113,34,12,31
0.0001,l1,log,0.15,False,0.7368421052631579,0.7272727272727273,0.36923076923076925,0.4897959183673469,116,41,9,24
0.0001,l1,log,0.15,True,0.7421052631578947,0.6052631578947368,0.7076923076923077,0.6524822695035462,95,19,30,46
0.0001,l1,log,0.3,False,0.7368421052631579,0.7027027027027027,0.4,0.5098039215686274,114,39,11,26
0.0001,l1,log,0.3,True,0.7473684210526316,0.717948717948718,0.4307692307692308,0.5384615384615385,114,37,11,28
0.0001,l1,log,0.45,False,0.7473684210526316,0.639344262295082,0.6,0.619047619047619,103,26,22,39
0.0001,l1,log,0.45,True,0.7631578947368421,0.6923076923076923,0.5538461538461539,0.6153846153846154,109,29,16,36
0.0001,l1,log,0.6,False,0.7578947368421053,0.7317073170731707,0.46153846153846156,0.5660377358490567,114,35,11,30
0.0001,l1,log,0.6,True,0.7421052631578947,0.6142857142857143,0.6615384615384615,0.6370370370370371,98,22,27,43
0.0001,l1,log,0.75,False,0.7157894736842105,0.7894736842105263,0.23076923076923078,0.35714285714285715,121,50,4,15
0.0001,l1,log,0.75,True,0.7368421052631579,0.6923076923076923,0.4153846153846154,0.5192307692307692,113,38,12,27
0.0001,l1,modified_huber,0.15,False,0.7526315789473684,0.6551724137931034,0.5846153846153846,0.6178861788617886,105,27,20,38
0.0001,l1,modified_huber,0.15,True,0.7210526315789474,0.5666666666666667,0.7846153846153846,0.6580645161290322,86,14,39,51
0.0001,l1,modified_huber,0.3,False,0.7631578947368421,0.7272727272727273,0.49230769230769234,0.5871559633027523,113,33,12,32
0.0001,l1,modified_huber,0.3,True,0.6578947368421053,0.5,0.8307692307692308,0.6242774566473988,71,11,54,54
0.0001,l1,modified_huber,0.45,False,0.48947368421052634,0.3974358974358974,0.9538461538461539,0.5610859728506787,31,3,94,62
0.0001,l1,modified_huber,0.45,True,0.7631578947368421,0.7777777777777778,0.4307692307692308,0.5544554455445544,117,37,8,28
0.0001,l1,modified_huber,0.6,False,0.7157894736842105,0.5604395604395604,0.7846153846153846,0.6538461538461537,85,14,40,51
0.0001,l1,modified_huber,0.6,True,0.4,0.36,0.9692307692307692,0.5249999999999999,13,2,112,63
0.0001,l1,modified_huber,0.75,False,0.7631578947368421,0.6923076923076923,0.5538461538461539,0.6153846153846154,109,29,16,36
0.0001,l1,modified_huber,0.75,True,0.7052631578947368,0.8461538461538461,0.16923076923076924,0.28205128205128205,123,54,2,11
0.0001,l1,squared_hinge,0.15,False,0.6263157894736842,0.47580645161290325,0.9076923076923077,0.6243386243386243,60,6,65,59
0.0001,l1,squared_hinge,0.15,True,0.3736842105263158,0.3516483516483517,0.9846153846153847,0.5182186234817814,7,1,118,64
0.0001,l1,squared_hinge,0.3,False,0.6789473684210526,0.8333333333333334,0.07692307692307693,0.14084507042253522,124,60,1,5
0.0001,l1,squared_hinge,0.3,True,0.7526315789473684,0.640625,0.6307692307692307,0.6356589147286822,102,24,23,41
0.0001,l1,squared_hinge,0.45,False,0.7105263157894737,0.5555555555555556,0.7692307692307693,0.6451612903225806,85,15,40,50
0.0001,l1,squared_hinge,0.45,True,0.6578947368421053,0.5,0.015384615384615385,0.029850746268656723,124,64,1,1
0.0001,l1,squared_hinge,0.6,False,0.6578947368421053,0.0,0.0,0.0,125,65,0,0
0.0001,l1,squared_hinge,0.6,True,0.7263157894736842,0.8421052631578947,0.24615384615384617,0.38095238095238093,122,49,3,16
0.0001,l1,squared_hinge,0.75,False,0.7578947368421053,0.7209302325581395,0.47692307692307695,0.5740740740740741,113,34,12,31
0.0001,l1,squared_hinge,0.75,True,0.7315789473684211,0.5833333333333334,0.7538461538461538,0.6577181208053692,90,16,35,49
0.0001,l1,perceptron,0.15,False,0.7421052631578947,0.8333333333333334,0.3076923076923077,0.4494382022471911,121,45,4,20
0.0001,l1,perceptron,0.15,True,0.3894736842105263,0.3575418994413408,0.9846153846153847,0.5245901639344263,10,1,115,64
0.0001,l1,perceptron,0.3,False,0.7421052631578947,0.8076923076923077,0.3230769230769231,0.4615384615384616,120,44,5,21
0.0001,l1,perceptron,0.3,True,0.7526315789473684,0.6875,0.5076923076923077,0.584070796460177,110,32,15,33
0.0001,l1,perceptron,0.45,False,0.7157894736842105,0.8235294117647058,0.2153846153846154,0.3414634146341464,122,51,3,14
0.0001,l1,perceptron,0.45,True,0.6842105263157895,0.8571428571428571,0.09230769230769231,0.16666666666666666,124,59,1,6
0.0001,l1,perceptron,0.6,False,0.7526315789473684,0.6607142857142857,0.5692307692307692,0.6115702479338843,106,28,19,37
0.0001,l1,perceptron,0.6,True,0.7473684210526316,0.7428571428571429,0.4,0.52,116,39,9,26
0.0001,l1,perceptron,0.75,False,0.7526315789473684,0.65,0.6,0.624,104,26,21,39
0.0001,l1,perceptron,0.75,True,0.7578947368421053,0.6557377049180327,0.6153846153846154,0.634920634920635,104,25,21,40
0.0001,l1,squared_loss,0.15,False,0.6894736842105263,0.5306122448979592,0.8,0.638036809815951,79,13,46,52
0.0001,l1,squared_loss,0.15,True,0.7052631578947368,0.8,0.18461538461538463,0.3,122,53,3,12
0.0001,l1,squared_loss,0.3,False,0.6684210526315789,0.75,0.046153846153846156,0.08695652173913043,124,62,1,3
0.0001,l1,squared_loss,0.3,True,0.7315789473684211,0.7692307692307693,0.3076923076923077,0.4395604395604395,119,45,6,20
0.0001,l1,squared_loss,0.45,False,0.7105263157894737,0.7777777777777778,0.2153846153846154,0.3373493975903615,121,51,4,14
0.0001,l1,squared_loss,0.45,True,0.7421052631578947,0.7857142857142857,0.3384615384615385,0.4731182795698925,119,43,6,22
0.0001,l1,squared_loss,0.6,False,0.7263157894736842,0.8095238095238095,0.26153846153846155,0.39534883720930236,121,48,4,17
0.0001,l1,squared_loss,0.6,True,0.7210526315789474,0.6111111111111112,0.5076923076923077,0.5546218487394958,104,32,21,33
0.0001,l1,squared_loss,0.75,False,0.3526315789473684,0.34408602150537637,0.9846153846153847,0.5099601593625498,3,1,122,64
0.0001,l1,squared_loss,0.75,True,0.7,0.54,0.8307692307692308,0.6545454545454545,79,11,46,54
0.0001,l1,huber,0.15,False,0.7631578947368421,0.7631578947368421,0.4461538461538462,0.5631067961165048,116,36,9,29
0.0001,l1,huber,0.15,True,0.7631578947368421,0.75,0.46153846153846156,0.5714285714285714,115,35,10,30
0.0001,l1,huber,0.3,False,0.7578947368421053,0.6610169491525424,0.6,0.6290322580645161,105,26,20,39
0.0001,l1,huber,0.3,True,0.7368421052631579,0.8,0.3076923076923077,0.4444444444444444,120,45,5,20
0.0001,l1,huber,0.45,False,0.7631578947368421,0.6785714285714286,0.5846153846153846,0.6280991735537191,107,27,18,38
0.0001,l1,huber,0.45,True,0.7526315789473684,0.625,0.6923076923076923,0.6569343065693432,98,20,27,45
0.0001,l1,huber,0.6,False,0.7736842105263158,0.7619047619047619,0.49230769230769234,0.5981308411214953,115,33,10,32
0.0001,l1,huber,0.6,True,0.7263157894736842,0.76,0.2923076923076923,0.4222222222222222,119,46,6,19
0.0001,l1,huber,0.75,False,0.7684210526315789,0.6909090909090909,0.5846153846153846,0.6333333333333333,108,27,17,38
0.0001,l1,huber,0.75,True,0.7263157894736842,0.782608695652174,0.27692307692307694,0.4090909090909091,120,47,5,18
0.0001,l1,epsilon_insensitive,0.15,False,0.7526315789473684,0.7368421052631579,0.4307692307692308,0.5436893203883496,115,37,10,28
0.0001,l1,epsilon_insensitive,0.15,True,0.6631578947368421,0.6666666666666666,0.03076923076923077,0.05882352941176471,124,63,1,2
0.0001,l1,epsilon_insensitive,0.3,False,0.6894736842105263,0.65,0.2,0.30588235294117644,118,52,7,13
0.0001,l1,epsilon_insensitive,0.3,True,0.6263157894736842,0.4745762711864407,0.8615384615384616,0.6120218579234973,63,9,62,56
0.0001,l1,epsilon_insensitive,0.45,False,0.3894736842105263,0.3575418994413408,0.9846153846153847,0.5245901639344263,10,1,115,64
0.0001,l1,epsilon_insensitive,0.45,True,0.6631578947368421,0.6666666666666666,0.03076923076923077,0.05882352941176471,124,63,1,2
0.0001,l1,epsilon_insensitive,0.6,False,0.6789473684210526,0.75,0.09230769230769231,0.16438356164383564,123,59,2,6
0.0001,l1,epsilon_insensitive,0.6,True,0.6894736842105263,0.5294117647058824,0.8307692307692308,0.6467065868263473,77,11,48,54
0.0001,l1,epsilon_insensitive,0.75,False,0.6947368421052632,0.8888888888888888,0.12307692307692308,0.21621621621621623,124,57,1,8
0.0001,l1,epsilon_insensitive,0.75,True,0.6578947368421053,0.0,0.0,0.0,125,65,0,0
0.0001,l1,squared_epsilon_insensitive,0.15,False,0.34210526315789475,0.34210526315789475,1.0,0.5098039215686275,0,0,125,65
0.0001,l1,squared_epsilon_insensitive,0.15,True,0.6684210526315789,0.75,0.046153846153846156,0.08695652173913043,124,62,1,3
0.0001,l1,squared_epsilon_insensitive,0.3,False,0.6578947368421053,0.0,0.0,0.0,125,65,0,0
0.0001,l1,squared_epsilon_insensitive,0.3,True,0.34210526315789475,0.34210526315789475,1.0,0.5098039215686275,0,0,125,65
0.0001,l1,squared_epsilon_insensitive,0.45,False,0.6578947368421053,0.0,0.0,0.0,125,65,0,0
0.0001,l1,squared_epsilon_insensitive,0.45,True,0.6578947368421053,0.0,0.0,0.0,125,65,0,0
0.0001,l1,squared_epsilon_insensitive,0.6,False,0.6578947368421053,0.0,0.0,0.0,125,65,0,0
0.0001,l1,squared_epsilon_insensitive,0.6,True,0.6473684210526316,0.0,0.0,0.0,123,65,2,0
0.0001,l1,squared_epsilon_insensitive,0.75,False,0.34210526315789475,0.34210526315789475,1.0,0.5098039215686275,0,0,125,65
0.0001,l1,squared_epsilon_insensitive,0.75,True,0.6578947368421053,0.0,0.0,0.0,125,65,0,0
0.0001,elasticnet,hinge,0.15,False,0.7473684210526316,0.7297297297297297,0.4153846153846154,0.5294117647058824,115,38,10,27
0.0001,elasticnet,hinge,0.15,True,0.7052631578947368,0.5445544554455446,0.8461538461538461,0.6626506024096385,79,10,46,55
0.0001,elasticnet,hinge,0.3,False,0.7263157894736842,0.6857142857142857,0.36923076923076925,0.48,114,41,11,24
0.0001,elasticnet,hinge,0.3,True,0.7473684210526316,0.7575757575757576,0.38461538461538464,0.5102040816326531,117,40,8,25
0.0001,elasticnet,hinge,0.45,False,0.7421052631578947,0.625,0.6153846153846154,0.6201550387596899,101,25,24,40
0.0001,elasticnet,hinge,0.45,True,0.7631578947368421,0.6851851851851852,0.5692307692307692,0.6218487394957983,108,28,17,37
0.0001,elasticnet,hinge,0.6,False,0.7526315789473684,0.6666666666666666,0.5538461538461539,0.6050420168067226,107,29,18,36
0.0001,elasticnet,hinge,0.6,True,0.7473684210526316,0.8148148148148148,0.3384615384615385,0.4782608695652174,120,43,5,22
0.0001,elasticnet,hinge,0.75,False,0.7210526315789474,0.5714285714285714,0.7384615384615385,0.6442953020134228,89,17,36,48
0.0001,elasticnet,hinge,0.75,True,0.7421052631578947,0.6290322580645161,0.6,0.6141732283464566,102,26,23,39
0.0001,elasticnet,log,0.15,False,0.7631578947368421,0.6851851851851852,0.5692307692307692,0.6218487394957983,108,28,17,37
0.0001,elasticnet,log,0.15,True,0.7526315789473684,0.725,0.4461538461538462,0.5523809523809524,114,36,11,29
0.0001,elasticnet,log,0.3,False,0.7526315789473684,0.6551724137931034,0.5846153846153846,0.6178861788617886,105,27,20,38
0.0001,elasticnet,log,0.3,True,0.7526315789473684,0.6607142857142857,0.5692307692307692,0.6115702479338843,106,28,19,37
0.0001,elasticnet,log,0.45,False,0.6526315789473685,0.496,0.9538461538461539,0.6526315789473683,62,3,63,62
0.0001,elasticnet,log,0.45,True,0.7210526315789474,0.875,0.2153846153846154,0.345679012345679,123,51,2,14
0.0001,elasticnet,log,0.6,False,0.7157894736842105,0.8235294117647058,0.2153846153846154,0.3414634146341464,122,51,3,14
0.0001,elasticnet,log,0.6,True,0.7526315789473684,0.7045454545454546,0.47692307692307695,0.5688073394495413,112,34,13,31
0.0001,elasticnet,log,0.75,False,0.7473684210526316,0.7575757575757576,0.38461538461538464,0.5102040816326531,117,40,8,25
0.0001,elasticnet,log,0.75,True,0.7578947368421053,0.7317073170731707,0.46153846153846156,0.5660377358490567,114,35,11,30
0.0001,elasticnet,modified_huber,0.15,False,0.7473684210526316,0.6164383561643836,0.6923076923076923,0.6521739130434783,97,20,28,45
0.0001,elasticnet,modified_huber,0.15,True,0.7421052631578947,0.7222222222222222,0.4,0.5148514851485149,115,39,10,26
0.0001,elasticnet,modified_huber,0.3,False,0.6263157894736842,0.4765625,0.9384615384615385,0.6321243523316062,58,4,67,61
0.0001,elasticnet,modified_huber,0.3,True,0.7157894736842105,0.8666666666666667,0.2,0.325,123,52,2,13
0.0001,elasticnet,modified_huber,0.45,False,0.7473684210526316,0.6075949367088608,0.7384615384615385,0.6666666666666666,94,17,31,48
0.0001,elasticnet,modified_huber,0.45,True,0.7526315789473684,0.75,0.4153846153846154,0.5346534653465346,116,38,9,27
0.0001,elasticnet,modified_huber,0.6,False,0.7631578947368421,0.717391304347826,0.5076923076923077,0.5945945945945945,112,32,13,33
0.0001,elasticnet,modified_huber,0.6,True,0.6421052631578947,0.4881889763779528,0.9538461538461539,0.6458333333333333,60,3,65,62
0.0001,elasticnet,modified_huber,0.75,False,0.7473684210526316,0.7575757575757576,0.38461538461538464,0.5102040816326531,117,40,8,25
0.0001,elasticnet,modified_huber,0.75,True,0.7631578947368421,0.6515151515151515,0.6615384615384615,0.6564885496183206,102,22,23,43
0.0001,elasticnet,squared_hinge,0.15,False,0.7105263157894737,0.75,0.23076923076923078,0.3529411764705882,120,50,5,15
0.0001,elasticnet,squared_hinge,0.15,True,0.7368421052631579,0.6829268292682927,0.4307692307692308,0.5283018867924528,112,37,13,28
0.0001,elasticnet,squared_hinge,0.3,False,0.7631578947368421,0.6785714285714286,0.5846153846153846,0.6280991735537191,107,27,18,38
0.0001,elasticnet,squared_hinge,0.3,True,0.6473684210526316,0.4918032786885246,0.9230769230769231,0.6417112299465242,63,5,62,60
0.0001,elasticnet,squared_hinge,0.45,False,0.7,0.5416666666666666,0.8,0.6459627329192547,81,13,44,52
0.0001,elasticnet,squared_hinge,0.45,True,0.6368421052631579,0.4846153846153846,0.9692307692307692,0.6461538461538462,58,2,67,63
0.0001,elasticnet,squared_hinge,0.6,False,0.7263157894736842,0.8095238095238095,0.26153846153846155,0.39534883720930236,121,48,4,17
0.0001,elasticnet,squared_hinge,0.6,True,0.7157894736842105,0.5662650602409639,0.7230769230769231,0.6351351351351351,89,18,36,47
0.0001,elasticnet,squared_hinge,0.75,False,0.7368421052631579,0.8260869565217391,0.2923076923076923,0.4318181818181819,121,46,4,19
0.0001,elasticnet,squared_hinge,0.75,True,0.6631578947368421,0.6666666666666666,0.03076923076923077,0.05882352941176471,124,63,1,2
0.0001,elasticnet,perceptron,0.15,False,0.6684210526315789,0.75,0.046153846153846156,0.08695652173913043,124,62,1,3
0.0001,elasticnet,perceptron,0.15,True,0.7526315789473684,0.7368421052631579,0.4307692307692308,0.5436893203883496,115,37,10,28
0.0001,elasticnet,perceptron,0.3,False,0.7684210526315789,0.6721311475409836,0.6307692307692307,0.6507936507936507,105,24,20,41
0.0001,elasticnet,perceptron,0.3,True,0.6842105263157895,0.8571428571428571,0.09230769230769231,0.16666666666666666,124,59,1,6
0.0001,elasticnet,perceptron,0.45,False,0.7368421052631579,0.5903614457831325,0.7538461538461538,0.6621621621621622,91,16,34,49
0.0001,elasticnet,perceptron,0.45,True,0.7631578947368421,0.717391304347826,0.5076923076923077,0.5945945945945945,112,32,13,33
0.0001,elasticnet,perceptron,0.6,False,0.6789473684210526,0.5185185185185185,0.8615384615384616,0.6473988439306357,73,9,52,56
0.0001,elasticnet,perceptron,0.6,True,0.6052631578947368,0.4632352941176471,0.9692307692307692,0.6268656716417911,52,2,73,63
0.0001,elasticnet,perceptron,0.75,False,0.7736842105263158,0.7619047619047619,0.49230769230769234,0.5981308411214953,115,33,10,32
0.0001,elasticnet,perceptron,0.75,True,0.7842105263157895,0.7222222222222222,0.6,0.6554621848739496,110,26,15,39
0.0001,elasticnet,squared_loss,0.15,False,0.7052631578947368,0.5616438356164384,0.6307692307692307,0.5942028985507246,93,24,32,41
0.0001,elasticnet,squared_loss,0.15,True,0.3473684210526316,0.3422459893048128,0.9846153846153847,0.5079365079365079,2,1,123,64
0.0001,elasticnet,squared_loss,0.3,False,0.7631578947368421,0.8125,0.4,0.5360824742268042,119,39,6,26
0.0001,elasticnet,squared_loss,0.3,True,0.7631578947368421,0.6785714285714286,0.5846153846153846,0.6280991735537191,107,27,18,38
0.0001,elasticnet,squared_loss,0.45,False,0.4,0.3583815028901734,0.9538461538461539,0.5210084033613445,14,3,111,62
0.0001,elasticnet,squared_loss,0.45,True,0.7,0.75,0.18461538461538463,0.29629629629629634,121,53,4,12
0.0001,elasticnet,squared_loss,0.6,False,0.7789473684210526,0.6825396825396826,0.6615384615384615,0.671875,105,22,20,43
0.0001,elasticnet,squared_loss,0.6,True,0.7210526315789474,0.75,0.27692307692307694,0.40449438202247195,119,47,6,18
0.0001,elasticnet,squared_loss,0.75,False,0.6631578947368421,0.5040650406504065,0.9538461538461539,0.6595744680851063,64,3,61,62
0.0001,elasticnet,squared_loss,0.75,True,0.6947368421052632,0.5315315315315315,0.9076923076923077,0.6704545454545454,73,6,52,59
0.0001,elasticnet,huber,0.15,False,0.7631578947368421,0.7380952380952381,0.47692307692307695,0.5794392523364486,114,34,11,31
0.0001,elasticnet,huber,0.15,True,0.7631578947368421,0.7631578947368421,0.4461538461538462,0.5631067961165048,116,36,9,29
0.0001,elasticnet,huber,0.3,False,0.7421052631578947,0.6081081081081081,0.6923076923076923,0.6474820143884892,96,20,29,45
0.0001,elasticnet,huber,0.3,True,0.7684210526315789,0.8,0.4307692307692308,0.56,118,37,7,28
0.0001,elasticnet,huber,0.45,False,0.7157894736842105,0.7619047619047619,0.24615384615384617,0.37209302325581395,120,49,5,16
0.0001,elasticnet,huber,0.45,True,0.7631578947368421,0.717391304347826,0.5076923076923077,0.5945945945945945,112,32,13,33
0.0001,elasticnet,huber,0.6,False,0.7315789473684211,0.5833333333333334,0.7538461538461538,0.6577181208053692,90,16,35,49
0.0001,elasticnet,huber,0.6,True,0.7684210526315789,0.6842105263157895,0.6,0.639344262295082,107,26,18,39
0.0001,elasticnet,huber,0.75,False,0.7,0.9,0.13846153846153847,0.24,124,56,1,9
0.0001,elasticnet,huber,0.75,True,0.7684210526315789,0.7333333333333333,0.5076923076923077,0.6,113,32,12,33
0.0001,elasticnet,epsilon_insensitive,0.15,False,0.7368421052631579,0.5882352941176471,0.7692307692307693,0.6666666666666667,90,15,35,50
0.0001,elasticnet,epsilon_insensitive,0.15,True,0.6526315789473685,0.0,0.0,0.0,124,65,1,0
0.0001,elasticnet,epsilon_insensitive,0.3,False,0.7368421052631579,0.6470588235294118,0.5076923076923077,0.5689655172413793,107,32,18,33
0.0001,elasticnet,epsilon_insensitive,0.3,True,0.6578947368421053,0.0,0.0,0.0,125,65,0,0
0.0001,elasticnet,epsilon_insensitive,0.45,False,0.5210526315789473,0.4144736842105263,0.9692307692307692,0.5806451612903226,36,2,89,63
0.0001,elasticnet,epsilon_insensitive,0.45,True,0.37894736842105264,0.35359116022099446,0.9846153846153847,0.5203252032520325,8,1,117,64
0.0001,elasticnet,epsilon_insensitive,0.6,False,0.7157894736842105,0.7619047619047619,0.24615384615384617,0.37209302325581395,120,49,5,16
0.0001,elasticnet,epsilon_insensitive,0.6,True,0.6578947368421053,0.0,0.0,0.0,125,65,0,0
0.0001,elasticnet,epsilon_insensitive,0.75,False,0.7473684210526316,0.6545454545454545,0.5538461538461539,0.6000000000000001,106,29,19,36
0.0001,elasticnet,epsilon_insensitive,0.75,True,0.7105263157894737,0.5531914893617021,0.8,0.6540880503144655,83,13,42,52
0.0001,elasticnet,squared_epsilon_insensitive,0.15,False,0.6578947368421053,0.0,0.0,0.0,125,65,0,0
0.0001,elasticnet,squared_epsilon_insensitive,0.15,True,0.6631578947368421,0.5050505050505051,0.7692307692307693,0.6097560975609756,76,15,49,50
0.0001,elasticnet,squared_epsilon_insensitive,0.3,False,0.34210526315789475,0.3051948051948052,0.7230769230769231,0.4292237442922375,18,18,107,47
0.0001,elasticnet,squared_epsilon_insensitive,0.3,True,0.3526315789473684,0.33707865168539325,0.9230769230769231,0.4938271604938272,7,5,118,60
0.0001,elasticnet,squared_epsilon_insensitive,0.45,False,0.4631578947368421,0.38509316770186336,0.9538461538461539,0.5486725663716815,26,3,99,62
0.0001,elasticnet,squared_epsilon_insensitive,0.45,True,0.5894736842105263,0.2903225806451613,0.13846153846153847,0.18750000000000003,103,56,22,9
0.0001,elasticnet,squared_epsilon_insensitive,0.6,False,0.4842105263157895,0.38461538461538464,0.8461538461538461,0.5288461538461539,37,10,88,55
0.0001,elasticnet,squared_epsilon_insensitive,0.6,True,0.34210526315789475,0.3387096774193548,0.9692307692307692,0.5019920318725098,2,2,123,63
0.0001,elasticnet,squared_epsilon_insensitive,0.75,False,0.6578947368421053,0.0,0.0,0.0,125,65,0,0
0.0001,elasticnet,squared_epsilon_insensitive,0.75,True,0.6578947368421053,0.0,0.0,0.0,125,65,0,0
0.001,l2,hinge,0.15,False,0.7421052631578947,0.6428571428571429,0.5538461538461539,0.5950413223140496,105,29,20,36
0.001,l2,hinge,0.15,True,0.7526315789473684,0.6666666666666666,0.5538461538461539,0.6050420168067226,107,29,18,36
0.001,l2,hinge,0.3,False,0.7526315789473684,0.7142857142857143,0.46153846153846156,0.5607476635514019,113,35,12,30
0.001,l2,hinge,0.3,True,0.7421052631578947,0.8076923076923077,0.3230769230769231,0.4615384615384616,120,44,5,21
0.001,l2,hinge,0.45,False,0.7526315789473684,0.6875,0.5076923076923077,0.584070796460177,110,32,15,33
0.001,l2,hinge,0.45,True,0.7368421052631579,0.6923076923076923,0.4153846153846154,0.5192307692307692,113,38,12,27
0.001,l2,hinge,0.6,False,0.7526315789473684,0.6956521739130435,0.49230769230769234,0.5765765765765766,111,33,14,32
0.001,l2,hinge,0.6,True,0.7473684210526316,0.7741935483870968,0.36923076923076925,0.5,118,41,7,24
0.001,l2,hinge,0.75,False,0.7473684210526316,0.7931034482758621,0.35384615384615387,0.48936170212765956,119,42,6,23
0.001,l2,hinge,0.75,True,0.7526315789473684,0.6956521739130435,0.49230769230769234,0.5765765765765766,111,33,14,32
0.001,l2,log,0.15,False,0.7526315789473684,0.68,0.5230769230769231,0.591304347826087,109,31,16,34
0.001,l2,log,0.15,True,0.7526315789473684,0.6666666666666666,0.5538461538461539,0.6050420168067226,107,29,18,36
0.001,l2,log,0.3,False,0.7526315789473684,0.6730769230769231,0.5384615384615384,0.5982905982905983,108,30,17,35
0.001,l2,log,0.3,True,0.7578947368421053,0.6727272727272727,0.5692307692307692,0.6166666666666667,107,28,18,37
0.001,l2,log,0.45,False,0.7526315789473684,0.68,0.5230769230769231,0.591304347826087,109,31,16,34
0.001,l2,log,0.45,True,0.7421052631578947,0.7,0.4307692307692308,0.5333333333333333,113,37,12,28
0.001,l2,log,0.6,False,0.7578947368421053,0.6792452830188679,0.5538461538461539,0.6101694915254237,108,29,17,36
0.001,l2,log,0.6,True,0.7526315789473684,0.6956521739130435,0.49230769230769234,0.5765765765765766,111,33,14,32
0.001,l2,log,0.75,False,0.7578947368421053,0.7021276595744681,0.5076923076923077,0.5892857142857143,111,32,14,33
0.001,l2,log,0.75,True,0.7421052631578947,0.7105263157894737,0.4153846153846154,0.5242718446601942,114,38,11,27
0.001,l2,modified_huber,0.15,False,0.7421052631578947,0.7666666666666667,0.35384615384615387,0.4842105263157895,118,42,7,23
0.001,l2,modified_huber,0.15,True,0.7578947368421053,0.7021276595744681,0.5076923076923077,0.5892857142857143,111,32,14,33
0.001,l2,modified_huber,0.3,False,0.7526315789473684,0.6956521739130435,0.49230769230769234,0.5765765765765766,111,33,14,32
0.001,l2,modified_huber,0.3,True,0.7684210526315789,0.6981132075471698,0.5692307692307692,0.6271186440677967,109,28,16,37
0.001,l2,modified_huber,0.45,False,0.7526315789473684,0.6666666666666666,0.5538461538461539,0.6050420168067226,107,29,18,36
0.001,l2,modified_huber,0.45,True,0.7578947368421053,0.6610169491525424,0.6,0.6290322580645161,105,26,20,39
0.001,l2,modified_huber,0.6,False,0.7052631578947368,0.5473684210526316,0.8,0.65,82,13,43,52
0.001,l2,modified_huber,0.6,True,0.7526315789473684,0.640625,0.6307692307692307,0.6356589147286822,102,24,23,41
0.001,l2,modified_huber,0.75,False,0.7421052631578947,0.6212121212121212,0.6307692307692307,0.6259541984732825,100,24,25,41
0.001,l2,modified_huber,0.75,True,0.7526315789473684,0.65,0.6,0.624,104,26,21,39
0.001,l2,squared_hinge,0.15,False,0.7210526315789474,0.5909090909090909,0.6,0.5954198473282443,98,26,27,39
0.001,l2,squared_hinge,0.15,True,0.7315789473684211,0.6206896551724138,0.5538461538461539,0.5853658536585366,103,29,22,36
0.001,l2,squared_hinge,0.3,False,0.7315789473684211,0.609375,0.6,0.6046511627906976,100,26,25,39
0.001,l2,squared_hinge,0.3,True,0.7263157894736842,0.5970149253731343,0.6153846153846154,0.606060606060606,98,25,27,40
0.001,l2,squared_hinge,0.45,False,0.7368421052631579,0.6415094339622641,0.5230769230769231,0.5762711864406779,106,31,19,34
0.001,l2,squared_hinge,0.45,True,0.7526315789473684,0.6875,0.5076923076923077,0.584070796460177,110,32,15,33
0.001,l2,squared_hinge,0.6,False,0.7368421052631579,0.7272727272727273,0.36923076923076925,0.4897959183673469,116,41,9,24
0.001,l2,squared_hinge,0.6,True,0.7263157894736842,0.6031746031746031,0.5846153846153846,0.59375,100,27,25,38
0.001,l2,squared_hinge,0.75,False,0.7473684210526316,0.660377358490566,0.5384615384615384,0.5932203389830508,107,30,18,35
0.001,l2,squared_hinge,0.75,True,0.7315789473684211,0.625,0.5384615384615384,0.578512396694215,104,30,21,35
0.001,l2,perceptron,0.15,False,0.531578947368421,0.42,0.9692307692307692,0.5860465116279069,38,2,87,63
0.001,l2,perceptron,0.15,True,0.7526315789473684,0.6875,0.5076923076923077,0.584070796460177,110,32,15,33
0.001,l2,perceptron,0.3,False,0.6526315789473685,0.4956521739130435,0.8769230769230769,0.6333333333333333,67,8,58,57
0.001,l2,perceptron,0.3,True,0.7315789473684211,0.5897435897435898,0.7076923076923077,0.6433566433566433,93,19,32,46
0.001,l2,perceptron,0.45,False,0.6157894736842106,0.46875,0.9230769230769231,0.6217616580310881,57,5,68,60
0.001,l2,perceptron,0.45,True,0.7,0.7222222222222222,0.2,0.3132530120481928,120,52,5,13
0.001,l2,perceptron,0.6,False,0.7,0.5416666666666666,0.8,0.6459627329192547,81,13,44,52
0.001,l2,perceptron,0.6,True,0.7473684210526316,0.6231884057971014,0.6615384615384615,0.6417910447761194,99,22,26,43
0.001,l2,perceptron,0.75,False,0.7578947368421053,0.6461538461538462,0.6461538461538462,0.6461538461538462,102,23,23,42
0.001,l2,perceptron,0.75,True,0.5947368421052631,0.4552238805970149,0.9384615384615385,0.6130653266331659,52,4,73,61
0.001,l2,squared_loss,0.15,False,0.6947368421052632,0.5945945945945946,0.3384615384615385,0.43137254901960786,110,43,15,22
0.001,l2,squared_loss,0.15,True,0.7526315789473684,0.6730769230769231,0.5384615384615384,0.5982905982905983,108,30,17,35
0.001,l2,squared_loss,0.3,False,0.5789473684210527,0.4074074074074074,0.5076923076923077,0.4520547945205479,77,32,48,33
0.001,l2,squared_loss,0.3,True,0.7263157894736842,0.6511627906976745,0.4307692307692308,0.5185185185185186,110,37,15,28
0.001,l2,squared_loss,0.45,False,0.6684210526315789,0.52,0.4,0.45217391304347826,101,39,24,26
0.001,l2,squared_loss,0.45,True,0.6105263157894737,0.43661971830985913,0.47692307692307695,0.45588235294117646,85,34,40,31
0.001,l2,squared_loss,0.6,False,0.7210526315789474,0.5833333333333334,0.6461538461538462,0.6131386861313869,95,23,30,42
0.001,l2,squared_loss,0.6,True,0.7421052631578947,0.7,0.4307692307692308,0.5333333333333333,113,37,12,28
0.001,l2,squared_loss,0.75,False,0.7526315789473684,0.7045454545454546,0.47692307692307695,0.5688073394495413,112,34,13,31
0.001,l2,squared_loss,0.75,True,0.5210526315789473,0.3645833333333333,0.5384615384615384,0.4347826086956521,64,30,61,35
0.001,l2,huber,0.15,False,0.7263157894736842,0.7407407407407407,0.3076923076923077,0.4347826086956522,118,45,7,20
0.001,l2,huber,0.15,True,0.7157894736842105,0.7894736842105263,0.23076923076923078,0.35714285714285715,121,50,4,15
0.001,l2,huber,0.3,False,0.7210526315789474,0.8,0.24615384615384617,0.37647058823529417,121,49,4,16
0.001,l2,huber,0.3,True,0.7263157894736842,0.76,0.2923076923076923,0.4222222222222222,119,46,6,19
0.001,l2,huber,0.45,False,0.7263157894736842,0.7407407407407407,0.3076923076923077,0.4347826086956522,118,45,7,20
0.001,l2,huber,0.45,True,0.7052631578947368,0.8,0.18461538461538463,0.3,122,53,3,12
0.001,l2,huber,0.6,False,0.7315789473684211,0.7692307692307693,0.3076923076923077,0.4395604395604395,119,45,6,20
0.001,l2,huber,0.6,True,0.7210526315789474,0.75,0.27692307692307694,0.40449438202247195,119,47,6,18
0.001,l2,huber,0.75,False,0.7210526315789474,0.7727272727272727,0.26153846153846155,0.39080459770114945,120,48,5,17
0.001,l2,huber,0.75,True,0.7210526315789474,0.75,0.27692307692307694,0.40449438202247195,119,47,6,18
0.001,l2,epsilon_insensitive,0.15,False,0.7736842105263158,0.75,0.5076923076923077,0.6055045871559633,114,32,11,33
0.001,l2,epsilon_insensitive,0.15,True,0.7578947368421053,0.7878787878787878,0.4,0.5306122448979592,118,39,7,26
0.001,l2,epsilon_insensitive,0.3,False,0.7526315789473684,0.78125,0.38461538461538464,0.5154639175257733,118,40,7,25
0.001,l2,epsilon_insensitive,0.3,True,0.7578947368421053,0.8275862068965517,0.36923076923076925,0.5106382978723405,120,41,5,24
0.001,l2,epsilon_insensitive,0.45,False,0.7736842105263158,0.7115384615384616,0.5692307692307692,0.6324786324786325,110,28,15,37
0.001,l2,epsilon_insensitive,0.45,True,0.7684210526315789,0.7333333333333333,0.5076923076923077,0.6,113,32,12,33
0.001,l2,epsilon_insensitive,0.6,False,0.7368421052631579,0.6119402985074627,0.6307692307692307,0.6212121212121212,99,24,26,41
0.001,l2,epsilon_insensitive,0.6,True,0.7631578947368421,0.8125,0.4,0.5360824742268042,119,39,6,26
0.001,l2,epsilon_insensitive,0.75,False,0.7736842105263158,0.6964285714285714,0.6,0.6446280991735538,108,26,17,39
0.001,l2,epsilon_insensitive,0.75,True,0.7631578947368421,0.75,0.46153846153846156,0.5714285714285714,115,35,10,30
0.001,l2,squared_epsilon_insensitive,0.15,False,0.7421052631578947,0.6212121212121212,0.6307692307692307,0.6259541984732825,100,24,25,41
0.001,l2,squared_epsilon_insensitive,0.15,True,0.7578947368421053,0.6727272727272727,0.5692307692307692,0.6166666666666667,107,28,18,37
0.001,l2,squared_epsilon_insensitive,0.3,False,0.7210526315789474,0.8,0.24615384615384617,0.37647058823529417,121,49,4,16
0.001,l2,squared_epsilon_insensitive,0.3,True,0.7578947368421053,0.7209302325581395,0.47692307692307695,0.5740740740740741,113,34,12,31
0.001,l2,squared_epsilon_insensitive,0.45,False,0.7631578947368421,0.6724137931034483,0.6,0.6341463414634146,106,26,19,39
0.001,l2,squared_epsilon_insensitive,0.45,True,0.7526315789473684,0.6607142857142857,0.5692307692307692,0.6115702479338843,106,28,19,37
0.001,l2,squared_epsilon_insensitive,0.6,False,0.7052631578947368,0.5494505494505495,0.7692307692307693,0.641025641025641,84,15,41,50
0.001,l2,squared_epsilon_insensitive,0.6,True,0.7578947368421053,0.6862745098039216,0.5384615384615384,0.6034482758620688,109,30,16,35
0.001,l2,squared_epsilon_insensitive,0.75,False,0.7368421052631579,0.6190476190476191,0.6,0.609375,101,26,24,39
0.001,l2,squared_epsilon_insensitive,0.75,True,0.7210526315789474,0.8333333333333334,0.23076923076923078,0.3614457831325301,122,50,3,15
0.001,l1,hinge,0.15,False,0.7631578947368421,0.7,0.5384615384615384,0.608695652173913,110,30,15,35
0.001,l1,hinge,0.15,True,0.7526315789473684,0.6730769230769231,0.5384615384615384,0.5982905982905983,108,30,17,35
0.001,l1,hinge,0.3,False,0.7421052631578947,0.6904761904761905,0.4461538461538462,0.5420560747663552,112,36,13,29
0.001,l1,hinge,0.3,True,0.7578947368421053,0.6938775510204082,0.5230769230769231,0.5964912280701755,110,31,15,34
0.001,l1,hinge,0.45,False,0.7473684210526316,0.6976744186046512,0.46153846153846156,0.5555555555555556,112,35,13,30
0.001,l1,hinge,0.45,True,0.7421052631578947,0.6818181818181818,0.46153846153846156,0.5504587155963303,111,35,14,30
0.001,l1,hinge,0.6,False,0.7526315789473684,0.6730769230769231,0.5384615384615384,0.5982905982905983,108,30,17,35
0.001,l1,hinge,0.6,True,0.7421052631578947,0.7,0.4307692307692308,0.5333333333333333,113,37,12,28
0.001,l1,hinge,0.75,False,0.7526315789473684,0.7045454545454546,0.47692307692307695,0.5688073394495413,112,34,13,31
0.001,l1,hinge,0.75,True,0.7578947368421053,0.6792452830188679,0.5538461538461539,0.6101694915254237,108,29,17,36
0.001,l1,log,0.15,False,0.7526315789473684,0.6956521739130435,0.49230769230769234,0.5765765765765766,111,33,14,32
0.001,l1,log,0.15,True,0.7526315789473684,0.6956521739130435,0.49230769230769234,0.5765765765765766,111,33,14,32
0.001,l1,log,0.3,False,0.7578947368421053,0.6938775510204082,0.5230769230769231,0.5964912280701755,110,31,15,34
0.001,l1,log,0.3,True,0.7526315789473684,0.6730769230769231,0.5384615384615384,0.5982905982905983,108,30,17,35
0.001,l1,log,0.45,False,0.7473684210526316,0.660377358490566,0.5384615384615384,0.5932203389830508,107,30,18,35
0.001,l1,log,0.45,True,0.7631578947368421,0.7,0.5384615384615384,0.608695652173913,110,30,15,35
0.001,l1,log,0.6,False,0.7473684210526316,0.6808510638297872,0.49230769230769234,0.5714285714285714,110,33,15,32
0.001,l1,log,0.6,True,0.7578947368421053,0.6862745098039216,0.5384615384615384,0.6034482758620688,109,30,16,35
0.001,l1,log,0.75,False,0.7526315789473684,0.6956521739130435,0.49230769230769234,0.5765765765765766,111,33,14,32
0.001,l1,log,0.75,True,0.7526315789473684,0.6956521739130435,0.49230769230769234,0.5765765765765766,111,33,14,32
0.001,l1,modified_huber,0.15,False,0.7526315789473684,0.75,0.4153846153846154,0.5346534653465346,116,38,9,27
0.001,l1,modified_huber,0.15,True,0.7368421052631579,0.6086956521739131,0.6461538461538462,0.6268656716417911,98,23,27,42
0.001,l1,modified_huber,0.3,False,0.7157894736842105,0.5591397849462365,0.8,0.6582278481012658,84,13,41,52
0.001,l1,modified_huber,0.3,True,0.7473684210526316,0.6545454545454545,0.5538461538461539,0.6000000000000001,106,29,19,36
0.001,l1,modified_huber,0.45,False,0.7473684210526316,0.7428571428571429,0.4,0.52,116,39,9,26
0.001,l1,modified_huber,0.45,True,0.7105263157894737,0.7777777777777778,0.2153846153846154,0.3373493975903615,121,51,4,14
0.001,l1,modified_huber,0.6,False,0.7421052631578947,0.7857142857142857,0.3384615384615385,0.4731182795698925,119,43,6,22
0.001,l1,modified_huber,0.6,True,0.7526315789473684,0.6875,0.5076923076923077,0.584070796460177,110,32,15,33
0.001,l1,modified_huber,0.75,False,0.7,0.54,0.8307692307692308,0.6545454545454545,79,11,46,54
0.001,l1,modified_huber,0.75,True,0.6947368421052632,0.8888888888888888,0.12307692307692308,0.21621621621621623,124,57,1,8
0.001,l1,squared_hinge,0.15,False,0.7263157894736842,0.6181818181818182,0.5230769230769231,0.5666666666666668,104,31,21,34
0.001,l1,squared_hinge,0.15,True,0.7210526315789474,0.6,0.5538461538461539,0.5760000000000001,101,29,24,36
0.001,l1,squared_hinge,0.3,False,0.7157894736842105,0.5901639344262295,0.5538461538461539,0.5714285714285714,100,29,25,36
0.001,l1,squared_hinge,0.3,True,0.7210526315789474,0.5857142857142857,0.6307692307692307,0.6074074074074074,96,24,29,41
0.001,l1,squared_hinge,0.45,False,0.7473684210526316,0.7297297297297297,0.4153846153846154,0.5294117647058824,115,38,10,27
0.001,l1,squared_hinge,0.45,True,0.7421052631578947,0.7352941176470589,0.38461538461538464,0.5050505050505051,116,40,9,25
0.001,l1,squared_hinge,0.6,False,0.7473684210526316,0.717948717948718,0.4307692307692308,0.5384615384615385,114,37,11,28
0.001,l1,squared_hinge,0.6,True,0.7105263157894737,0.5735294117647058,0.6,0.5864661654135338,96,26,29,39
0.001,l1,squared_hinge,0.75,False,0.7263157894736842,0.6101694915254238,0.5538461538461539,0.5806451612903227,102,29,23,36
0.001,l1,squared_hinge,0.75,True,0.7210526315789474,0.6,0.5538461538461539,0.5760000000000001,101,29,24,36
0.001,l1,perceptron,0.15,False,0.6263157894736842,0.47619047619047616,0.9230769230769231,0.6282722513089005,59,5,66,60
0.001,l1,perceptron,0.15,True,0.7473684210526316,0.6231884057971014,0.6615384615384615,0.6417910447761194,99,22,26,43
0.001,l1,perceptron,0.3,False,0.6526315789473685,0.4956521739130435,0.8769230769230769,0.6333333333333333,67,8,58,57
0.001,l1,perceptron,0.3,True,0.7526315789473684,0.75,0.4153846153846154,0.5346534653465346,116,38,9,27
0.001,l1,perceptron,0.45,False,0.6842105263157895,0.8571428571428571,0.09230769230769231,0.16666666666666666,124,59,1,6
0.001,l1,perceptron,0.45,True,0.6684210526315789,1.0,0.03076923076923077,0.059701492537313446,125,63,0,2
0.001,l1,perceptron,0.6,False,0.41578947368421054,0.367816091954023,0.9846153846153847,0.5355648535564853,15,1,110,64
0.001,l1,perceptron,0.6,True,0.6578947368421053,0.0,0.0,0.0,125,65,0,0
0.001,l1,perceptron,0.75,False,0.6473684210526316,0.4918032786885246,0.9230769230769231,0.6417112299465242,63,5,62,60
0.001,l1,perceptron,0.75,True,0.5631578947368421,0.4375,0.9692307692307692,0.6028708133971291,44,2,81,63
0.001,l1,squared_loss,0.15,False,0.5210526315789473,0.3375,0.4153846153846154,0.3724137931034483,72,38,53,27
0.001,l1,squared_loss,0.15,True,0.5157894736842106,0.3333333333333333,0.4153846153846154,0.36986301369863017,71,38,54,27
0.001,l1,squared_loss,0.3,False,0.7263157894736842,0.5942028985507246,0.6307692307692307,0.6119402985074627,97,24,28,41
0.001,l1,squared_loss,0.3,True,0.5947368421052631,0.4142857142857143,0.4461538461538462,0.42962962962962964,84,36,41,29
0.001,l1,squared_loss,0.45,False,0.7421052631578947,0.6481481481481481,0.5384615384615384,0.588235294117647,106,30,19,35
0.001,l1,squared_loss,0.45,True,0.6210526315789474,0.4406779661016949,0.4,0.4193548387096774,92,39,33,26
0.001,l1,squared_loss,0.6,False,0.5105263157894737,0.3157894736842105,0.36923076923076925,0.3404255319148936,73,41,52,24
0.001,l1,squared_loss,0.6,True,0.5842105263157895,0.42857142857142855,0.6461538461538462,0.5153374233128835,69,23,56,42
0.001,l1,squared_loss,0.75,False,0.5578947368421052,0.38271604938271603,0.47692307692307695,0.4246575342465753,75,34,50,31
0.001,l1,squared_loss,0.75,True,0.6368421052631579,0.46,0.35384615384615387,0.4,98,42,27,23
0.001,l1,huber,0.15,False,0.7631578947368421,0.7380952380952381,0.47692307692307695,0.5794392523364486,114,34,11,31
0.001,l1,huber,0.15,True,0.7526315789473684,0.7368421052631579,0.4307692307692308,0.5436893203883496,115,37,10,28
0.001,l1,huber,0.3,False,0.7578947368421053,0.7435897435897436,0.4461538461538462,0.5576923076923078,115,36,10,29
0.001,l1,huber,0.3,True,0.7631578947368421,0.75,0.46153846153846156,0.5714285714285714,115,35,10,30
0.001,l1,huber,0.45,False,0.7526315789473684,0.7368421052631579,0.4307692307692308,0.5436893203883496,115,37,10,28
0.001,l1,huber,0.45,True,0.7631578947368421,0.75,0.46153846153846156,0.5714285714285714,115,35,10,30
0.001,l1,huber,0.6,False,0.7684210526315789,0.7441860465116279,0.49230769230769234,0.5925925925925926,114,33,11,32
0.001,l1,huber,0.6,True,0.7578947368421053,0.7435897435897436,0.4461538461538462,0.5576923076923078,115,36,10,29
0.001,l1,huber,0.75,False,0.7631578947368421,0.75,0.46153846153846156,0.5714285714285714,115,35,10,30
0.001,l1,huber,0.75,True,0.7578947368421053,0.7435897435897436,0.4461538461538462,0.5576923076923078,115,36,10,29
0.001,l1,epsilon_insensitive,0.15,False,0.7578947368421053,0.6610169491525424,0.6,0.6290322580645161,105,26,20,39
0.001,l1,epsilon_insensitive,0.15,True,0.7736842105263158,0.75,0.5076923076923077,0.6055045871559633,114,32,11,33
0.001,l1,epsilon_insensitive,0.3,False,0.7684210526315789,0.8,0.4307692307692308,0.56,118,37,7,28
0.001,l1,epsilon_insensitive,0.3,True,0.7052631578947368,0.8461538461538461,0.16923076923076924,0.28205128205128205,123,54,2,11
0.001,l1,epsilon_insensitive,0.45,False,0.7631578947368421,0.6851851851851852,0.5692307692307692,0.6218487394957983,108,28,17,37
0.001,l1,epsilon_insensitive,0.45,True,0.7684210526315789,0.7692307692307693,0.46153846153846156,0.576923076923077,116,35,9,30
0.001,l1,epsilon_insensitive,0.6,False,0.7526315789473684,0.8,0.36923076923076925,0.5052631578947369,119,41,6,24
0.001,l1,epsilon_insensitive,0.6,True,0.7631578947368421,0.7941176470588235,0.4153846153846154,0.5454545454545455,118,38,7,27
0.001,l1,epsilon_insensitive,0.75,False,0.7578947368421053,0.7435897435897436,0.4461538461538462,0.5576923076923078,115,36,10,29
0.001,l1,epsilon_insensitive,0.75,True,0.7578947368421053,0.7021276595744681,0.5076923076923077,0.5892857142857143,111,32,14,33
0.001,l1,squared_epsilon_insensitive,0.15,False,0.6684210526315789,0.5086206896551724,0.9076923076923077,0.6519337016574585,68,6,57,59
0.001,l1,squared_epsilon_insensitive,0.15,True,0.7421052631578947,0.7222222222222222,0.4,0.5148514851485149,115,39,10,26
0.001,l1,squared_epsilon_insensitive,0.3,False,0.7526315789473684,0.6607142857142857,0.5692307692307692,0.6115702479338843,106,28,19,37
0.001,l1,squared_epsilon_insensitive,0.3,True,0.7578947368421053,0.7209302325581395,0.47692307692307695,0.5740740740740741,113,34,12,31
0.001,l1,squared_epsilon_insensitive,0.45,False,0.7105263157894737,0.5581395348837209,0.7384615384615385,0.6357615894039734,87,17,38,48
0.001,l1,squared_epsilon_insensitive,0.45,True,0.7105263157894737,0.75,0.23076923076923078,0.3529411764705882,120,50,5,15
0.001,l1,squared_epsilon_insensitive,0.6,False,0.7526315789473684,0.7368421052631579,0.4307692307692308,0.5436893203883496,115,37,10,28
0.001,l1,squared_epsilon_insensitive,0.6,True,0.7631578947368421,0.7380952380952381,0.47692307692307695,0.5794392523364486,114,34,11,31
0.001,l1,squared_epsilon_insensitive,0.75,False,0.7526315789473684,0.65,0.6,0.624,104,26,21,39
0.001,l1,squared_epsilon_insensitive,0.75,True,0.7210526315789474,0.7727272727272727,0.26153846153846155,0.39080459770114945,120,48,5,17
0.001,elasticnet,hinge,0.15,False,0.7684210526315789,0.7142857142857143,0.5384615384615384,0.6140350877192982,111,30,14,35
0.001,elasticnet,hinge,0.15,True,0.7526315789473684,0.7045454545454546,0.47692307692307695,0.5688073394495413,112,34,13,31
0.001,elasticnet,hinge,0.3,False,0.7473684210526316,0.6888888888888889,0.47692307692307695,0.5636363636363636,111,34,14,31
0.001,elasticnet,hinge,0.3,True,0.7526315789473684,0.6956521739130435,0.49230769230769234,0.5765765765765766,111,33,14,32
0.001,elasticnet,hinge,0.45,False,0.7526315789473684,0.6730769230769231,0.5384615384615384,0.5982905982905983,108,30,17,35
0.001,elasticnet,hinge,0.45,True,0.7526315789473684,0.6666666666666666,0.5538461538461539,0.6050420168067226,107,29,18,36
0.001,elasticnet,hinge,0.6,False,0.7421052631578947,0.6818181818181818,0.46153846153846156,0.5504587155963303,111,35,14,30
0.001,elasticnet,hinge,0.6,True,0.7526315789473684,0.7045454545454546,0.47692307692307695,0.5688073394495413,112,34,13,31
0.001,elasticnet,hinge,0.75,False,0.7368421052631579,0.6119402985074627,0.6307692307692307,0.6212121212121212,99,24,26,41
0.001,elasticnet,hinge,0.75,True,0.7631578947368421,0.7083333333333334,0.5230769230769231,0.6017699115044248,111,31,14,34
0.001,elasticnet,log,0.15,False,0.7473684210526316,0.717948717948718,0.4307692307692308,0.5384615384615385,114,37,11,28
0.001,elasticnet,log,0.15,True,0.7578947368421053,0.6862745098039216,0.5384615384615384,0.6034482758620688,109,30,16,35
0.001,elasticnet,log,0.3,False,0.7526315789473684,0.6956521739130435,0.49230769230769234,0.5765765765765766,111,33,14,32
0.001,elasticnet,log,0.3,True,0.7526315789473684,0.7045454545454546,0.47692307692307695,0.5688073394495413,112,34,13,31
0.001,elasticnet,log,0.45,False,0.7473684210526316,0.717948717948718,0.4307692307692308,0.5384615384615385,114,37,11,28
0.001,elasticnet,log,0.45,True,0.7473684210526316,0.7073170731707317,0.4461538461538462,0.5471698113207548,113,36,12,29
0.001,elasticnet,log,0.6,False,0.7421052631578947,0.6333333333333333,0.5846153846153846,0.608,103,27,22,38
0.001,elasticnet,log,0.6,True,0.7578947368421053,0.6792452830188679,0.5538461538461539,0.6101694915254237,108,29,17,36
0.001,elasticnet,log,0.75,False,0.7526315789473684,0.6875,0.5076923076923077,0.584070796460177,110,32,15,33
0.001,elasticnet,log,0.75,True,0.7526315789473684,0.6875,0.5076923076923077,0.584070796460177,110,32,15,33
0.001,elasticnet,modified_huber,0.15,False,0.7526315789473684,0.6666666666666666,0.5538461538461539,0.6050420168067226,107,29,18,36
0.001,elasticnet,modified_huber,0.15,True,0.7526315789473684,0.65,0.6,0.624,104,26,21,39
0.001,elasticnet,modified_huber,0.3,False,0.7526315789473684,0.7045454545454546,0.47692307692307695,0.5688073394495413,112,34,13,31
0.001,elasticnet,modified_huber,0.3,True,0.7315789473684211,0.7692307692307693,0.3076923076923077,0.4395604395604395,119,45,6,20
0.001,elasticnet,modified_huber,0.45,False,0.7157894736842105,0.5604395604395604,0.7846153846153846,0.6538461538461537,85,14,40,51
0.001,elasticnet,modified_huber,0.45,True,0.7526315789473684,0.725,0.4461538461538462,0.5523809523809524,114,36,11,29
0.001,elasticnet,modified_huber,0.6,False,0.7473684210526316,0.6888888888888889,0.47692307692307695,0.5636363636363636,111,34,14,31
0.001,elasticnet,modified_huber,0.6,True,0.7578947368421053,0.7209302325581395,0.47692307692307695,0.5740740740740741,113,34,12,31
0.001,elasticnet,modified_huber,0.75,False,0.7421052631578947,0.6176470588235294,0.6461538461538462,0.6315789473684211,99,23,26,42
0.001,elasticnet,modified_huber,0.75,True,0.7421052631578947,0.6142857142857143,0.6615384615384615,0.6370370370370371,98,22,27,43
0.001,elasticnet,squared_hinge,0.15,False,0.7,0.5476190476190477,0.7076923076923077,0.6174496644295303,87,19,38,46
0.001,elasticnet,squared_hinge,0.15,True,0.7368421052631579,0.6190476190476191,0.6,0.609375,101,26,24,39
0.001,elasticnet,squared_hinge,0.3,False,0.7052631578947368,0.5569620253164557,0.676923076923077,0.611111111111111,90,21,35,44
0.001,elasticnet,squared_hinge,0.3,True,0.6947368421052632,0.5421686746987951,0.6923076923076923,0.6081081081081081,87,20,38,45
0.001,elasticnet,squared_hinge,0.45,False,0.7315789473684211,0.6206896551724138,0.5538461538461539,0.5853658536585366,103,29,22,36
0.001,elasticnet,squared_hinge,0.45,True,0.7315789473684211,0.6129032258064516,0.5846153846153846,0.5984251968503937,101,27,24,38
0.001,elasticnet,squared_hinge,0.6,False,0.7526315789473684,0.6875,0.5076923076923077,0.584070796460177,110,32,15,33
0.001,elasticnet,squared_hinge,0.6,True,0.7473684210526316,0.7297297297297297,0.4153846153846154,0.5294117647058824,115,38,10,27
0.001,elasticnet,squared_hinge,0.75,False,0.7421052631578947,0.7222222222222222,0.4,0.5148514851485149,115,39,10,26
0.001,elasticnet,squared_hinge,0.75,True,0.7473684210526316,0.673469387755102,0.5076923076923077,0.5789473684210525,109,32,16,33
0.001,elasticnet,perceptron,0.15,False,0.7421052631578947,0.6111111111111112,0.676923076923077,0.6423357664233577,97,21,28,44
0.001,elasticnet,perceptron,0.15,True,0.45789473684210524,0.38414634146341464,0.9692307692307692,0.5502183406113538,24,2,101,63
0.001,elasticnet,perceptron,0.3,False,0.7736842105263158,0.8055555555555556,0.4461538461538462,0.5742574257425743,118,36,7,29
0.001,elasticnet,perceptron,0.3,True,0.7684210526315789,0.8181818181818182,0.4153846153846154,0.5510204081632654,119,38,6,27
0.001,elasticnet,perceptron,0.45,False,0.7684210526315789,0.6521739130434783,0.6923076923076923,0.6716417910447761,101,20,24,45
0.001,elasticnet,perceptron,0.45,True,0.7315789473684211,0.75,0.3230769230769231,0.4516129032258065,118,44,7,21
0.001,elasticnet,perceptron,0.6,False,0.7526315789473684,0.6551724137931034,0.5846153846153846,0.6178861788617886,105,27,20,38
0.001,elasticnet,perceptron,0.6,True,0.6578947368421053,0.0,0.0,0.0,125,65,0,0
0.001,elasticnet,perceptron,0.75,False,0.7315789473684211,0.85,0.26153846153846155,0.4,122,48,3,17
0.001,elasticnet,perceptron,0.75,True,0.7263157894736842,0.7407407407407407,0.3076923076923077,0.4347826086956522,118,45,7,20
0.001,elasticnet,squared_loss,0.15,False,0.6,0.43820224719101125,0.6,0.5064935064935064,75,26,50,39
0.001,elasticnet,squared_loss,0.15,True,0.7526315789473684,0.6551724137931034,0.5846153846153846,0.6178861788617886,105,27,20,38
0.001,elasticnet,squared_loss,0.3,False,0.47368421052631576,0.34782608695652173,0.6153846153846154,0.4444444444444444,50,25,75,40
0.001,elasticnet,squared_loss,0.3,True,0.5526315789473685,0.38636363636363635,0.5230769230769231,0.4444444444444444,71,31,54,34
0.001,elasticnet,squared_loss,0.45,False,0.5947368421052631,0.43333333333333335,0.6,0.503225806451613,74,26,51,39
0.001,elasticnet,squared_loss,0.45,True,0.7421052631578947,0.6333333333333333,0.5846153846153846,0.608,103,27,22,38
0.001,elasticnet,squared_loss,0.6,False,0.7421052631578947,0.6081081081081081,0.6923076923076923,0.6474820143884892,96,20,29,45
0.001,elasticnet,squared_loss,0.6,True,0.7105263157894737,0.65625,0.3230769230769231,0.43298969072164956,114,44,11,21
0.001,elasticnet,squared_loss,0.75,False,0.5052631578947369,0.34065934065934067,0.47692307692307695,0.39743589743589747,65,34,60,31
0.001,elasticnet,squared_loss,0.75,True,0.5210526315789473,0.3488372093023256,0.46153846153846156,0.3973509933774834,69,35,56,30
0.001,elasticnet,huber,0.15,False,0.7157894736842105,0.7619047619047619,0.24615384615384617,0.37209302325581395,120,49,5,16
0.001,elasticnet,huber,0.15,True,0.7210526315789474,0.8,0.24615384615384617,0.37647058823529417,121,49,4,16
0.001,elasticnet,huber,0.3,False,0.7157894736842105,0.7619047619047619,0.24615384615384617,0.37209302325581395,120,49,5,16
0.001,elasticnet,huber,0.3,True,0.7263157894736842,0.76,0.2923076923076923,0.4222222222222222,119,46,6,19
0.001,elasticnet,huber,0.45,False,0.7210526315789474,0.7,0.3230769230769231,0.4421052631578948,116,44,9,21
0.001,elasticnet,huber,0.45,True,0.7315789473684211,0.75,0.3230769230769231,0.4516129032258065,118,44,7,21
0.001,elasticnet,huber,0.6,False,0.7315789473684211,0.75,0.3230769230769231,0.4516129032258065,118,44,7,21
0.001,elasticnet,huber,0.6,True,0.7263157894736842,0.7096774193548387,0.3384615384615385,0.4583333333333334,116,43,9,22
0.001,elasticnet,huber,0.75,False,0.7315789473684211,0.71875,0.35384615384615387,0.4742268041237114,116,42,9,23
0.001,elasticnet,huber,0.75,True,0.7473684210526316,0.7297297297297297,0.4153846153846154,0.5294117647058824,115,38,10,27
0.001,elasticnet,epsilon_insensitive,0.15,False,0.7631578947368421,0.7380952380952381,0.47692307692307695,0.5794392523364486,114,34,11,31
0.001,elasticnet,epsilon_insensitive,0.15,True,0.7421052631578947,0.7857142857142857,0.3384615384615385,0.4731182795698925,119,43,6,22
0.001,elasticnet,epsilon_insensitive,0.3,False,0.7052631578947368,0.9090909090909091,0.15384615384615385,0.26315789473684215,124,55,1,10
0.001,elasticnet,epsilon_insensitive,0.3,True,0.7578947368421053,0.6792452830188679,0.5538461538461539,0.6101694915254237,108,29,17,36
0.001,elasticnet,epsilon_insensitive,0.45,False,0.7736842105263158,0.72,0.5538461538461539,0.6260869565217391,111,29,14,36
0.001,elasticnet,epsilon_insensitive,0.45,True,0.7473684210526316,0.7575757575757576,0.38461538461538464,0.5102040816326531,117,40,8,25
0.001,elasticnet,epsilon_insensitive,0.6,False,0.7736842105263158,0.7894736842105263,0.46153846153846156,0.5825242718446603,117,35,8,30
0.001,elasticnet,epsilon_insensitive,0.6,True,0.7684210526315789,0.7441860465116279,0.49230769230769234,0.5925925925925926,114,33,11,32
0.001,elasticnet,epsilon_insensitive,0.75,False,0.7684210526315789,0.7441860465116279,0.49230769230769234,0.5925925925925926,114,33,11,32
0.001,elasticnet,epsilon_insensitive,0.75,True,0.7684210526315789,0.7692307692307693,0.46153846153846156,0.576923076923077,116,35,9,30
0.001,elasticnet,squared_epsilon_insensitive,0.15,False,0.7,0.75,0.18461538461538463,0.29629629629629634,121,53,4,12
0.001,elasticnet,squared_epsilon_insensitive,0.15,True,0.7210526315789474,0.7307692307692307,0.2923076923076923,0.4175824175824176,118,46,7,19
0.001,elasticnet,squared_epsilon_insensitive,0.3,False,0.7315789473684211,0.7692307692307693,0.3076923076923077,0.4395604395604395,119,45,6,20
0.001,elasticnet,squared_epsilon_insensitive,0.3,True,0.7421052631578947,0.6904761904761905,0.4461538461538462,0.5420560747663552,112,36,13,29
0.001,elasticnet,squared_epsilon_insensitive,0.45,False,0.7105263157894737,0.8125,0.2,0.3209876543209877,122,52,3,13
0.001,elasticnet,squared_epsilon_insensitive,0.45,True,0.7421052631578947,0.6290322580645161,0.6,0.6141732283464566,102,26,23,39
0.001,elasticnet,squared_epsilon_insensitive,0.6,False,0.7578947368421053,0.7209302325581395,0.47692307692307695,0.5740740740740741,113,34,12,31
0.001,elasticnet,squared_epsilon_insensitive,0.6,True,0.7210526315789474,0.7727272727272727,0.26153846153846155,0.39080459770114945,120,48,5,17
0.001,elasticnet,squared_epsilon_insensitive,0.75,False,0.7368421052631579,0.7142857142857143,0.38461538461538464,0.5,115,40,10,25
0.001,elasticnet,squared_epsilon_insensitive,0.75,True,0.7473684210526316,0.6307692307692307,0.6307692307692307,0.6307692307692307,101,24,24,41
0.01,l2,hinge,0.15,False,0.7263157894736842,0.7096774193548387,0.3384615384615385,0.4583333333333334,116,43,9,22
0.01,l2,hinge,0.15,True,0.7263157894736842,0.7096774193548387,0.3384615384615385,0.4583333333333334,116,43,9,22
0.01,l2,hinge,0.3,False,0.7263157894736842,0.7096774193548387,0.3384615384615385,0.4583333333333334,116,43,9,22
0.01,l2,hinge,0.3,True,0.7263157894736842,0.7096774193548387,0.3384615384615385,0.4583333333333334,116,43,9,22
0.01,l2,hinge,0.45,False,0.7368421052631579,0.7272727272727273,0.36923076923076925,0.4897959183673469,116,41,9,24
0.01,l2,hinge,0.45,True,0.7263157894736842,0.7096774193548387,0.3384615384615385,0.4583333333333334,116,43,9,22
0.01,l2,hinge,0.6,False,0.7368421052631579,0.7272727272727273,0.36923076923076925,0.4897959183673469,116,41,9,24
0.01,l2,hinge,0.6,True,0.7315789473684211,0.71875,0.35384615384615387,0.4742268041237114,116,42,9,23
0.01,l2,hinge,0.75,False,0.7263157894736842,0.7096774193548387,0.3384615384615385,0.4583333333333334,116,43,9,22
0.01,l2,hinge,0.75,True,0.7263157894736842,0.7096774193548387,0.3384615384615385,0.4583333333333334,116,43,9,22
0.01,l2,log,0.15,False,0.7263157894736842,0.76,0.2923076923076923,0.4222222222222222,119,46,6,19
0.01,l2,log,0.15,True,0.7210526315789474,0.7307692307692307,0.2923076923076923,0.4175824175824176,118,46,7,19
0.01,l2,log,0.3,False,0.7210526315789474,0.7307692307692307,0.2923076923076923,0.4175824175824176,118,46,7,19
0.01,l2,log,0.3,True,0.7210526315789474,0.7307692307692307,0.2923076923076923,0.4175824175824176,118,46,7,19
0.01,l2,log,0.45,False,0.7210526315789474,0.7307692307692307,0.2923076923076923,0.4175824175824176,118,46,7,19
0.01,l2,log,0.45,True,0.7210526315789474,0.7307692307692307,0.2923076923076923,0.4175824175824176,118,46,7,19
0.01,l2,log,0.6,False,0.7210526315789474,0.7307692307692307,0.2923076923076923,0.4175824175824176,118,46,7,19
0.01,l2,log,0.6,True,0.7210526315789474,0.7307692307692307,0.2923076923076923,0.4175824175824176,118,46,7,19
0.01,l2,log,0.75,False,0.7315789473684211,0.75,0.3230769230769231,0.4516129032258065,118,44,7,21
0.01,l2,log,0.75,True,0.7263157894736842,0.7241379310344828,0.3230769230769231,0.44680851063829785,117,44,8,21
0.01,l2,modified_huber,0.15,False,0.7473684210526316,0.7428571428571429,0.4,0.52,116,39,9,26
0.01,l2,modified_huber,0.15,True,0.7578947368421053,0.7021276595744681,0.5076923076923077,0.5892857142857143,111,32,14,33
0.01,l2,modified_huber,0.3,False,0.7473684210526316,0.6666666666666666,0.5230769230769231,0.5862068965517241,108,31,17,34
0.01,l2,modified_huber,0.3,True,0.7578947368421053,0.7021276595744681,0.5076923076923077,0.5892857142857143,111,32,14,33
0.01,l2,modified_huber,0.45,False,0.7473684210526316,0.717948717948718,0.4307692307692308,0.5384615384615385,114,37,11,28
0.01,l2,modified_huber,0.45,True,0.7631578947368421,0.717391304347826,0.5076923076923077,0.5945945945945945,112,32,13,33
0.01,l2,modified_huber,0.6,False,0.7473684210526316,0.717948717948718,0.4307692307692308,0.5384615384615385,114,37,11,28
0.01,l2,modified_huber,0.6,True,0.7578947368421053,0.7317073170731707,0.46153846153846156,0.5660377358490567,114,35,11,30
0.01,l2,modified_huber,0.75,False,0.7578947368421053,0.7111111111111111,0.49230769230769234,0.5818181818181818,112,33,13,32
0.01,l2,modified_huber,0.75,True,0.7578947368421053,0.7021276595744681,0.5076923076923077,0.5892857142857143,111,32,14,33
0.01,l2,squared_hinge,0.15,False,0.7473684210526316,0.6440677966101694,0.5846153846153846,0.6129032258064516,104,27,21,38
0.01,l2,squared_hinge,0.15,True,0.7473684210526316,0.6440677966101694,0.5846153846153846,0.6129032258064516,104,27,21,38
0.01,l2,squared_hinge,0.3,False,0.7526315789473684,0.6551724137931034,0.5846153846153846,0.6178861788617886,105,27,20,38
0.01,l2,squared_hinge,0.3,True,0.7473684210526316,0.6440677966101694,0.5846153846153846,0.6129032258064516,104,27,21,38
0.01,l2,squared_hinge,0.45,False,0.7526315789473684,0.6551724137931034,0.5846153846153846,0.6178861788617886,105,27,20,38
0.01,l2,squared_hinge,0.45,True,0.7473684210526316,0.6440677966101694,0.5846153846153846,0.6129032258064516,104,27,21,38
0.01,l2,squared_hinge,0.6,False,0.7526315789473684,0.6551724137931034,0.5846153846153846,0.6178861788617886,105,27,20,38
0.01,l2,squared_hinge,0.6,True,0.7473684210526316,0.6440677966101694,0.5846153846153846,0.6129032258064516,104,27,21,38
0.01,l2,squared_hinge,0.75,False,0.7526315789473684,0.6551724137931034,0.5846153846153846,0.6178861788617886,105,27,20,38
0.01,l2,squared_hinge,0.75,True,0.7473684210526316,0.6440677966101694,0.5846153846153846,0.6129032258064516,104,27,21,38
0.01,l2,perceptron,0.15,False,0.7631578947368421,0.6923076923076923,0.5538461538461539,0.6153846153846154,109,29,16,36
0.01,l2,perceptron,0.15,True,0.7473684210526316,0.6545454545454545,0.5538461538461539,0.6000000000000001,106,29,19,36
0.01,l2,perceptron,0.3,False,0.7526315789473684,0.6285714285714286,0.676923076923077,0.6518518518518519,99,21,26,44
0.01,l2,perceptron,0.3,True,0.6684210526315789,0.75,0.046153846153846156,0.08695652173913043,124,62,1,3
0.01,l2,perceptron,0.45,False,0.7684210526315789,0.7441860465116279,0.49230769230769234,0.5925925925925926,114,33,11,32
0.01,l2,perceptron,0.45,True,0.7736842105263158,0.72,0.5538461538461539,0.6260869565217391,111,29,14,36
0.01,l2,perceptron,0.6,False,0.6684210526315789,1.0,0.03076923076923077,0.059701492537313446,125,63,0,2
0.01,l2,perceptron,0.6,True,0.4368421052631579,0.375,0.9692307692307692,0.5407725321888411,20,2,105,63
0.01,l2,perceptron,0.75,False,0.7631578947368421,0.6470588235294118,0.676923076923077,0.6616541353383458,101,21,24,44
0.01,l2,perceptron,0.75,True,0.7105263157894737,0.75,0.23076923076923078,0.3529411764705882,120,50,5,15
0.01,l2,squared_loss,0.15,False,0.6789473684210526,0.5277777777777778,0.5846153846153846,0.5547445255474452,91,27,34,38
0.01,l2,squared_loss,0.15,True,0.6736842105263158,0.52,0.6,0.557142857142857,89,26,36,39
0.01,l2,squared_loss,0.3,False,0.3526315789473684,0.23148148148148148,0.38461538461538464,0.28901734104046245,42,40,83,25
0.01,l2,squared_loss,0.3,True,0.5105263157894737,0.3333333333333333,0.4307692307692308,0.37583892617449666,69,37,56,28
0.01,l2,squared_loss,0.45,False,0.6789473684210526,0.524390243902439,0.6615384615384615,0.5850340136054422,86,22,39,43
0.01,l2,squared_loss,0.45,True,0.6578947368421053,0.5,0.5692307692307692,0.5323741007194245,88,28,37,37
0.01,l2,squared_loss,0.6,False,0.6263157894736842,0.46875,0.6923076923076923,0.5590062111801243,74,20,51,45
0.01,l2,squared_loss,0.6,True,0.5842105263157895,0.42045454545454547,0.5692307692307692,0.48366013071895425,74,28,51,37
0.01,l2,squared_loss,0.75,False,0.631578947368421,0.47368421052631576,0.6923076923076923,0.5625,75,20,50,45
0.01,l2,squared_loss,0.75,True,0.43157894736842106,0.29523809523809524,0.47692307692307695,0.3647058823529412,51,34,74,31
0.01,l2,huber,0.15,False,0.6578947368421053,0.0,0.0,0.0,125,65,0,0
0.01,l2,huber,0.15,True,0.6578947368421053,0.0,0.0,0.0,125,65,0,0
0.01,l2,huber,0.3,False,0.6578947368421053,0.0,0.0,0.0,125,65,0,0
0.01,l2,huber,0.3,True,0.6578947368421053,0.0,0.0,0.0,125,65,0,0
0.01,l2,huber,0.45,False,0.6578947368421053,0.0,0.0,0.0,125,65,0,0
0.01,l2,huber,0.45,True,0.6578947368421053,0.0,0.0,0.0,125,65,0,0
0.01,l2,huber,0.6,False,0.6578947368421053,0.0,0.0,0.0,125,65,0,0
0.01,l2,huber,0.6,True,0.6578947368421053,0.0,0.0,0.0,125,65,0,0
0.01,l2,huber,0.75,False,0.6578947368421053,0.0,0.0,0.0,125,65,0,0
0.01,l2,huber,0.75,True,0.6578947368421053,0.0,0.0,0.0,125,65,0,0
0.01,l2,epsilon_insensitive,0.15,False,0.7263157894736842,0.8095238095238095,0.26153846153846155,0.39534883720930236,121,48,4,17
0.01,l2,epsilon_insensitive,0.15,True,0.7,0.7857142857142857,0.16923076923076924,0.2784810126582279,122,54,3,11
0.01,l2,epsilon_insensitive,0.3,False,0.7263157894736842,0.782608695652174,0.27692307692307694,0.4090909090909091,120,47,5,18
0.01,l2,epsilon_insensitive,0.3,True,0.7210526315789474,0.7,0.3230769230769231,0.4421052631578948,116,44,9,21
0.01,l2,epsilon_insensitive,0.45,False,0.7210526315789474,0.7,0.3230769230769231,0.4421052631578948,116,44,9,21
0.01,l2,epsilon_insensitive,0.45,True,0.7052631578947368,0.7647058823529411,0.2,0.3170731707317074,121,52,4,13
0.01,l2,epsilon_insensitive,0.6,False,0.7210526315789474,0.8,0.24615384615384617,0.37647058823529417,121,49,4,16
0.01,l2,epsilon_insensitive,0.6,True,0.7157894736842105,0.7894736842105263,0.23076923076923078,0.35714285714285715,121,50,4,15
0.01,l2,epsilon_insensitive,0.75,False,0.7210526315789474,0.7307692307692307,0.2923076923076923,0.4175824175824176,118,46,7,19
0.01,l2,epsilon_insensitive,0.75,True,0.7210526315789474,0.7,0.3230769230769231,0.4421052631578948,116,44,9,21
0.01,l2,squared_epsilon_insensitive,0.15,False,0.41578947368421054,0.28703703703703703,0.47692307692307695,0.3583815028901734,48,34,77,31
0.01,l2,squared_epsilon_insensitive,0.15,True,0.6789473684210526,0.5294117647058824,0.5538461538461539,0.5413533834586466,93,29,32,36
0.01,l2,squared_epsilon_insensitive,0.3,False,0.5,0.3404255319148936,0.49230769230769234,0.4025157232704403,63,33,62,32
0.01,l2,squared_epsilon_insensitive,0.3,True,0.4789473684210526,0.3425925925925926,0.5692307692307692,0.42774566473988446,54,28,71,37
0.01,l2,squared_epsilon_insensitive,0.45,False,0.6263157894736842,0.4673913043478261,0.6615384615384615,0.5477707006369427,76,22,49,43
0.01,l2,squared_epsilon_insensitive,0.45,True,0.4368421052631579,0.2857142857142857,0.4307692307692308,0.34355828220858897,55,37,70,28
0.01,l2,squared_epsilon_insensitive,0.6,False,0.5842105263157895,0.4146341463414634,0.5230769230769231,0.4625850340136054,77,31,48,34
0.01,l2,squared_epsilon_insensitive,0.6,True,0.5578947368421052,0.39325842696629215,0.5384615384615384,0.4545454545454546,71,30,54,35
0.01,l2,squared_epsilon_insensitive,0.75,False,0.6526315789473685,0.4943820224719101,0.676923076923077,0.5714285714285713,80,21,45,44
0.01,l2,squared_epsilon_insensitive,0.75,True,0.48947368421052634,0.3333333333333333,0.49230769230769234,0.3975155279503106,61,33,64,32
0.01,l1,hinge,0.15,False,0.7631578947368421,0.7272727272727273,0.49230769230769234,0.5871559633027523,113,33,12,32
0.01,l1,hinge,0.15,True,0.7631578947368421,0.7272727272727273,0.49230769230769234,0.5871559633027523,113,33,12,32
0.01,l1,hinge,0.3,False,0.7631578947368421,0.7380952380952381,0.47692307692307695,0.5794392523364486,114,34,11,31
0.01,l1,hinge,0.3,True,0.7631578947368421,0.7272727272727273,0.49230769230769234,0.5871559633027523,113,33,12,32
0.01,l1,hinge,0.45,False,0.7631578947368421,0.7272727272727273,0.49230769230769234,0.5871559633027523,113,33,12,32
0.01,l1,hinge,0.45,True,0.7631578947368421,0.7272727272727273,0.49230769230769234,0.5871559633027523,113,33,12,32
0.01,l1,hinge,0.6,False,0.7631578947368421,0.7272727272727273,0.49230769230769234,0.5871559633027523,113,33,12,32
0.01,l1,hinge,0.6,True,0.7631578947368421,0.717391304347826,0.5076923076923077,0.5945945945945945,112,32,13,33
0.01,l1,hinge,0.75,False,0.7631578947368421,0.7272727272727273,0.49230769230769234,0.5871559633027523,113,33,12,32
0.01,l1,hinge,0.75,True,0.7631578947368421,0.7272727272727273,0.49230769230769234,0.5871559633027523,113,33,12,32
0.01,l1,log,0.15,False,0.7473684210526316,0.717948717948718,0.4307692307692308,0.5384615384615385,114,37,11,28
0.01,l1,log,0.15,True,0.7526315789473684,0.75,0.4153846153846154,0.5346534653465346,116,38,9,27
0.01,l1,log,0.3,False,0.7473684210526316,0.717948717948718,0.4307692307692308,0.5384615384615385,114,37,11,28
0.01,l1,log,0.3,True,0.7473684210526316,0.7297297297297297,0.4153846153846154,0.5294117647058824,115,38,10,27
0.01,l1,log,0.45,False,0.7578947368421053,0.7435897435897436,0.4461538461538462,0.5576923076923078,115,36,10,29
0.01,l1,log,0.45,True,0.7473684210526316,0.717948717948718,0.4307692307692308,0.5384615384615385,114,37,11,28
0.01,l1,log,0.6,False,0.7526315789473684,0.75,0.4153846153846154,0.5346534653465346,116,38,9,27
0.01,l1,log,0.6,True,0.7473684210526316,0.7297297297297297,0.4153846153846154,0.5294117647058824,115,38,10,27
0.01,l1,log,0.75,False,0.7473684210526316,0.7297297297297297,0.4153846153846154,0.5294117647058824,115,38,10,27
0.01,l1,log,0.75,True,0.7526315789473684,0.75,0.4153846153846154,0.5346534653465346,116,38,9,27
0.01,l1,modified_huber,0.15,False,0.7736842105263158,0.75,0.5076923076923077,0.6055045871559633,114,32,11,33
0.01,l1,modified_huber,0.15,True,0.7578947368421053,0.6666666666666666,0.5846153846153846,0.6229508196721312,106,27,19,38
0.01,l1,modified_huber,0.3,False,0.7684210526315789,0.7333333333333333,0.5076923076923077,0.6,113,32,12,33
0.01,l1,modified_huber,0.3,True,0.7684210526315789,0.7333333333333333,0.5076923076923077,0.6,113,32,12,33
0.01,l1,modified_huber,0.45,False,0.7631578947368421,0.7083333333333334,0.5230769230769231,0.6017699115044248,111,31,14,34
0.01,l1,modified_huber,0.45,True,0.7631578947368421,0.717391304347826,0.5076923076923077,0.5945945945945945,112,32,13,33
0.01,l1,modified_huber,0.6,False,0.7684210526315789,0.723404255319149,0.5230769230769231,0.6071428571428572,112,31,13,34
0.01,l1,modified_huber,0.6,True,0.7578947368421053,0.6862745098039216,0.5384615384615384,0.6034482758620688,109,30,16,35
0.01,l1,modified_huber,0.75,False,0.7578947368421053,0.7435897435897436,0.4461538461538462,0.5576923076923078,115,36,10,29
0.01,l1,modified_huber,0.75,True,0.7526315789473684,0.6551724137931034,0.5846153846153846,0.6178861788617886,105,27,20,38
0.01,l1,squared_hinge,0.15,False,0.7263157894736842,0.6,0.6,0.6,99,26,26,39
0.01,l1,squared_hinge,0.15,True,0.7315789473684211,0.609375,0.6,0.6046511627906976,100,26,25,39
0.01,l1,squared_hinge,0.3,False,0.7315789473684211,0.609375,0.6,0.6046511627906976,100,26,25,39
0.01,l1,squared_hinge,0.3,True,0.7263157894736842,0.5970149253731343,0.6153846153846154,0.606060606060606,98,25,27,40
0.01,l1,squared_hinge,0.45,False,0.7157894736842105,0.5846153846153846,0.5846153846153846,0.5846153846153846,98,27,27,38
0.01,l1,squared_hinge,0.45,True,0.7368421052631579,0.6119402985074627,0.6307692307692307,0.6212121212121212,99,24,26,41
0.01,l1,squared_hinge,0.6,False,0.7315789473684211,0.609375,0.6,0.6046511627906976,100,26,25,39
0.01,l1,squared_hinge,0.6,True,0.7210526315789474,0.5909090909090909,0.6,0.5954198473282443,98,26,27,39
0.01,l1,squared_hinge,0.75,False,0.7315789473684211,0.609375,0.6,0.6046511627906976,100,26,25,39
0.01,l1,squared_hinge,0.75,True,0.7315789473684211,0.6060606060606061,0.6153846153846154,0.6106870229007635,99,25,26,40
0.01,l1,perceptron,0.15,False,0.7,0.7857142857142857,0.16923076923076924,0.2784810126582279,122,54,3,11
0.01,l1,perceptron,0.15,True,0.7157894736842105,0.7894736842105263,0.23076923076923078,0.35714285714285715,121,50,4,15
0.01,l1,perceptron,0.3,False,0.7578947368421053,0.8518518518518519,0.35384615384615387,0.5,121,42,4,23
0.01,l1,perceptron,0.3,True,0.7473684210526316,0.7428571428571429,0.4,0.52,116,39,9,26
0.01,l1,perceptron,0.45,False,0.6842105263157895,0.7777777777777778,0.1076923076923077,0.18918918918918923,123,58,2,7
0.01,l1,perceptron,0.45,True,0.6789473684210526,0.7,0.1076923076923077,0.18666666666666665,122,58,3,7
0.01,l1,perceptron,0.6,False,0.3684210526315789,0.34972677595628415,0.9846153846153847,0.5161290322580645,6,1,119,64
0.01,l1,perceptron,0.6,True,0.7263157894736842,0.8095238095238095,0.26153846153846155,0.39534883720930236,121,48,4,17
0.01,l1,perceptron,0.75,False,0.3736842105263158,0.3516483516483517,0.9846153846153847,0.5182186234817814,7,1,118,64
0.01,l1,perceptron,0.75,True,0.7263157894736842,0.8421052631578947,0.24615384615384617,0.38095238095238093,122,49,3,16
0.01,l1,squared_loss,0.15,False,0.4789473684210526,0.33,0.5076923076923077,0.39999999999999997,58,32,67,33
0.01,l1,squared_loss,0.15,True,0.5105263157894737,0.34444444444444444,0.47692307692307695,0.4000000000000001,66,34,59,31
0.01,l1,squared_loss,0.3,False,0.4421052631578947,0.28421052631578947,0.4153846153846154,0.3375,57,38,68,27
0.01,l1,squared_loss,0.3,True,0.4,0.24742268041237114,0.36923076923076925,0.29629629629629634,52,41,73,24
0.01,l1,squared_loss,0.45,False,0.3526315789473684,0.24561403508771928,0.4307692307692308,0.3128491620111732,39,37,86,28
0.01,l1,squared_loss,0.45,True,0.4,0.25252525252525254,0.38461538461538464,0.3048780487804878,51,40,74,25
0.01,l1,squared_loss,0.6,False,0.5368421052631579,0.35802469135802467,0.4461538461538462,0.3972602739726027,73,36,52,29
0.01,l1,squared_loss,0.6,True,0.45789473684210524,0.31,0.47692307692307695,0.37575757575757573,56,34,69,31
0.01,l1,squared_loss,0.75,False,0.43157894736842106,0.2828282828282828,0.4307692307692308,0.3414634146341463,54,37,71,28
0.01,l1,squared_loss,0.75,True,0.5789473684210527,0.40963855421686746,0.5230769230769231,0.45945945945945943,76,31,49,34
0.01,l1,huber,0.15,False,0.6578947368421053,0.0,0.0,0.0,125,65,0,0
0.01,l1,huber,0.15,True,0.6578947368421053,0.0,0.0,0.0,125,65,0,0
0.01,l1,huber,0.3,False,0.6578947368421053,0.0,0.0,0.0,125,65,0,0
0.01,l1,huber,0.3,True,0.6578947368421053,0.0,0.0,0.0,125,65,0,0
0.01,l1,huber,0.45,False,0.6578947368421053,0.0,0.0,0.0,125,65,0,0
0.01,l1,huber,0.45,True,0.6578947368421053,0.0,0.0,0.0,125,65,0,0
0.01,l1,huber,0.6,False,0.6578947368421053,0.0,0.0,0.0,125,65,0,0
0.01,l1,huber,0.6,True,0.6578947368421053,0.0,0.0,0.0,125,65,0,0
0.01,l1,huber,0.75,False,0.6578947368421053,0.0,0.0,0.0,125,65,0,0
0.01,l1,huber,0.75,True,0.6578947368421053,0.0,0.0,0.0,125,65,0,0
0.01,l1,epsilon_insensitive,0.15,False,0.7631578947368421,0.75,0.46153846153846156,0.5714285714285714,115,35,10,30
0.01,l1,epsilon_insensitive,0.15,True,0.7631578947368421,0.7272727272727273,0.49230769230769234,0.5871559633027523,113,33,12,32
0.01,l1,epsilon_insensitive,0.3,False,0.7631578947368421,0.75,0.46153846153846156,0.5714285714285714,115,35,10,30
0.01,l1,epsilon_insensitive,0.3,True,0.7631578947368421,0.7380952380952381,0.47692307692307695,0.5794392523364486,114,34,11,31
0.01,l1,epsilon_insensitive,0.45,False,0.7631578947368421,0.75,0.46153846153846156,0.5714285714285714,115,35,10,30
0.01,l1,epsilon_insensitive,0.45,True,0.7578947368421053,0.7435897435897436,0.4461538461538462,0.5576923076923078,115,36,10,29
0.01,l1,epsilon_insensitive,0.6,False,0.7578947368421053,0.7435897435897436,0.4461538461538462,0.5576923076923078,115,36,10,29
0.01,l1,epsilon_insensitive,0.6,True,0.7578947368421053,0.7435897435897436,0.4461538461538462,0.5576923076923078,115,36,10,29
0.01,l1,epsilon_insensitive,0.75,False,0.7631578947368421,0.75,0.46153846153846156,0.5714285714285714,115,35,10,30
0.01,l1,epsilon_insensitive,0.75,True,0.7578947368421053,0.7435897435897436,0.4461538461538462,0.5576923076923078,115,36,10,29
0.01,l1,squared_epsilon_insensitive,0.15,False,0.39473684210526316,0.23404255319148937,0.3384615384615385,0.2767295597484277,53,43,72,22
0.01,l1,squared_epsilon_insensitive,0.15,True,0.4421052631578947,0.297029702970297,0.46153846153846156,0.3614457831325301,54,35,71,30
0.01,l1,squared_epsilon_insensitive,0.3,False,0.48947368421052634,0.3490566037735849,0.5692307692307692,0.4327485380116959,56,28,69,37
0.01,l1,squared_epsilon_insensitive,0.3,True,0.5631578947368421,0.40217391304347827,0.5692307692307692,0.4713375796178344,70,28,55,37
0.01,l1,squared_epsilon_insensitive,0.45,False,0.5947368421052631,0.43333333333333335,0.6,0.503225806451613,74,26,51,39
0.01,l1,squared_epsilon_insensitive,0.45,True,0.42105263157894735,0.2857142857142857,0.46153846153846156,0.35294117647058826,50,35,75,30
0.01,l1,squared_epsilon_insensitive,0.6,False,0.5631578947368421,0.3977272727272727,0.5384615384615384,0.45751633986928103,72,30,53,35
0.01,l1,squared_epsilon_insensitive,0.6,True,0.5789473684210527,0.40963855421686746,0.5230769230769231,0.45945945945945943,76,31,49,34
0.01,l1,squared_epsilon_insensitive,0.75,False,0.6,0.4421052631578947,0.6461538461538462,0.525,72,23,53,42
0.01,l1,squared_epsilon_insensitive,0.75,True,0.5789473684210527,0.4157303370786517,0.5692307692307692,0.4805194805194805,73,28,52,37
0.01,elasticnet,hinge,0.15,False,0.7263157894736842,0.7096774193548387,0.3384615384615385,0.4583333333333334,116,43,9,22
0.01,elasticnet,hinge,0.15,True,0.7368421052631579,0.7272727272727273,0.36923076923076925,0.4897959183673469,116,41,9,24
0.01,elasticnet,hinge,0.3,False,0.7315789473684211,0.7058823529411765,0.36923076923076925,0.4848484848484848,115,41,10,24
0.01,elasticnet,hinge,0.3,True,0.7315789473684211,0.71875,0.35384615384615387,0.4742268041237114,116,42,9,23
0.01,elasticnet,hinge,0.45,False,0.7368421052631579,0.7142857142857143,0.38461538461538464,0.5,115,40,10,25
0.01,elasticnet,hinge,0.45,True,0.7473684210526316,0.7297297297297297,0.4153846153846154,0.5294117647058824,115,38,10,27
0.01,elasticnet,hinge,0.6,False,0.7421052631578947,0.7222222222222222,0.4,0.5148514851485149,115,39,10,26
0.01,elasticnet,hinge,0.6,True,0.7421052631578947,0.7222222222222222,0.4,0.5148514851485149,115,39,10,26
0.01,elasticnet,hinge,0.75,False,0.7578947368421053,0.7317073170731707,0.46153846153846156,0.5660377358490567,114,35,11,30
0.01,elasticnet,hinge,0.75,True,0.7631578947368421,0.7380952380952381,0.47692307692307695,0.5794392523364486,114,34,11,31
0.01,elasticnet,log,0.15,False,0.7157894736842105,0.72,0.27692307692307694,0.4,118,47,7,18
0.01,elasticnet,log,0.15,True,0.7157894736842105,0.72,0.27692307692307694,0.4,118,47,7,18
0.01,elasticnet,log,0.3,False,0.7210526315789474,0.7307692307692307,0.2923076923076923,0.4175824175824176,118,46,7,19
0.01,elasticnet,log,0.3,True,0.7210526315789474,0.7307692307692307,0.2923076923076923,0.4175824175824176,118,46,7,19
0.01,elasticnet,log,0.45,False,0.7315789473684211,0.7692307692307693,0.3076923076923077,0.4395604395604395,119,45,6,20
0.01,elasticnet,log,0.45,True,0.7315789473684211,0.7692307692307693,0.3076923076923077,0.4395604395604395,119,45,6,20
0.01,elasticnet,log,0.6,False,0.7368421052631579,0.7272727272727273,0.36923076923076925,0.4897959183673469,116,41,9,24
0.01,elasticnet,log,0.6,True,0.7421052631578947,0.7666666666666667,0.35384615384615387,0.4842105263157895,118,42,7,23
0.01,elasticnet,log,0.75,False,0.7421052631578947,0.7352941176470589,0.38461538461538464,0.5050505050505051,116,40,9,25
0.01,elasticnet,log,0.75,True,0.7421052631578947,0.7352941176470589,0.38461538461538464,0.5050505050505051,116,40,9,25
0.01,elasticnet,modified_huber,0.15,False,0.7631578947368421,0.717391304347826,0.5076923076923077,0.5945945945945945,112,32,13,33
0.01,elasticnet,modified_huber,0.15,True,0.7631578947368421,0.6785714285714286,0.5846153846153846,0.6280991735537191,107,27,18,38
0.01,elasticnet,modified_huber,0.3,False,0.7631578947368421,0.717391304347826,0.5076923076923077,0.5945945945945945,112,32,13,33
0.01,elasticnet,modified_huber,0.3,True,0.7578947368421053,0.7111111111111111,0.49230769230769234,0.5818181818181818,112,33,13,32
0.01,elasticnet,modified_huber,0.45,False,0.7684210526315789,0.723404255319149,0.5230769230769231,0.6071428571428572,112,31,13,34
0.01,elasticnet,modified_huber,0.45,True,0.7684210526315789,0.7560975609756098,0.47692307692307695,0.5849056603773585,115,34,10,31
0.01,elasticnet,modified_huber,0.6,False,0.7684210526315789,0.7441860465116279,0.49230769230769234,0.5925925925925926,114,33,11,32
0.01,elasticnet,modified_huber,0.6,True,0.7578947368421053,0.7111111111111111,0.49230769230769234,0.5818181818181818,112,33,13,32
0.01,elasticnet,modified_huber,0.75,False,0.7526315789473684,0.6730769230769231,0.5384615384615384,0.5982905982905983,108,30,17,35
0.01,elasticnet,modified_huber,0.75,True,0.7684210526315789,0.723404255319149,0.5230769230769231,0.6071428571428572,112,31,13,34
0.01,elasticnet,squared_hinge,0.15,False,0.7578947368421053,0.6666666666666666,0.5846153846153846,0.6229508196721312,106,27,19,38
0.01,elasticnet,squared_hinge,0.15,True,0.7578947368421053,0.6666666666666666,0.5846153846153846,0.6229508196721312,106,27,19,38
0.01,elasticnet,squared_hinge,0.3,False,0.7526315789473684,0.65,0.6,0.624,104,26,21,39
0.01,elasticnet,squared_hinge,0.3,True,0.7473684210526316,0.639344262295082,0.6,0.619047619047619,103,26,22,39
0.01,elasticnet,squared_hinge,0.45,False,0.7526315789473684,0.6551724137931034,0.5846153846153846,0.6178861788617886,105,27,20,38
0.01,elasticnet,squared_hinge,0.45,True,0.7526315789473684,0.6551724137931034,0.5846153846153846,0.6178861788617886,105,27,20,38
0.01,elasticnet,squared_hinge,0.6,False,0.7368421052631579,0.6229508196721312,0.5846153846153846,0.6031746031746033,102,27,23,38
0.01,elasticnet,squared_hinge,0.6,True,0.7263157894736842,0.6031746031746031,0.5846153846153846,0.59375,100,27,25,38
0.01,elasticnet,squared_hinge,0.75,False,0.7210526315789474,0.59375,0.5846153846153846,0.5891472868217055,99,27,26,38
0.01,elasticnet,squared_hinge,0.75,True,0.7421052631578947,0.6333333333333333,0.5846153846153846,0.608,103,27,22,38
0.01,elasticnet,perceptron,0.15,False,0.6210526315789474,0.47244094488188976,0.9230769230769231,0.625,58,5,67,60
0.01,elasticnet,perceptron,0.15,True,0.7421052631578947,0.625,0.6153846153846154,0.6201550387596899,101,25,24,40
0.01,elasticnet,perceptron,0.3,False,0.4368421052631579,0.3764705882352941,0.9846153846153847,0.5446808510638298,19,1,106,64
0.01,elasticnet,perceptron,0.3,True,0.6684210526315789,0.75,0.046153846153846156,0.08695652173913043,124,62,1,3
0.01,elasticnet,perceptron,0.45,False,0.7105263157894737,0.75,0.23076923076923078,0.3529411764705882,120,50,5,15
0.01,elasticnet,perceptron,0.45,True,0.7210526315789474,0.7307692307692307,0.2923076923076923,0.4175824175824176,118,46,7,19
0.01,elasticnet,perceptron,0.6,False,0.7157894736842105,0.8235294117647058,0.2153846153846154,0.3414634146341464,122,51,3,14
0.01,elasticnet,perceptron,0.6,True,0.5263157894736842,0.4161073825503356,0.9538461538461539,0.5794392523364487,38,3,87,62
0.01,elasticnet,perceptron,0.75,False,0.7368421052631579,0.8,0.3076923076923077,0.4444444444444444,120,45,5,20
0.01,elasticnet,perceptron,0.75,True,0.4052631578947368,0.36363636363636365,0.9846153846153847,0.5311203319502075,13,1,112,64
0.01,elasticnet,squared_loss,0.15,False,0.3473684210526316,0.23893805309734514,0.4153846153846154,0.30337078651685395,39,38,86,27
0.01,elasticnet,squared_loss,0.15,True,0.3631578947368421,0.25,0.4307692307692308,0.3163841807909605,41,37,84,28
0.01,elasticnet,squared_loss,0.3,False,0.3631578947368421,0.24545454545454545,0.4153846153846154,0.3085714285714286,42,38,83,27
0.01,elasticnet,squared_loss,0.3,True,0.3631578947368421,0.22,0.3384615384615385,0.2666666666666667,47,43,78,22
0.01,elasticnet,squared_loss,0.45,False,0.41578947368421054,0.2830188679245283,0.46153846153846156,0.3508771929824561,49,35,76,30
0.01,elasticnet,squared_loss,0.45,True,0.6,0.4421052631578947,0.6461538461538462,0.525,72,23,53,42
0.01,elasticnet,squared_loss,0.6,False,0.6473684210526316,0.4883720930232558,0.6461538461538462,0.5562913907284769,81,23,44,42
0.01,elasticnet,squared_loss,0.6,True,0.6263157894736842,0.4634146341463415,0.5846153846153846,0.5170068027210883,81,27,44,38
0.01,elasticnet,squared_loss,0.75,False,0.35789473684210527,0.2336448598130841,0.38461538461538464,0.29069767441860467,43,40,82,25
0.01,elasticnet,squared_loss,0.75,True,0.5526315789473685,0.38636363636363635,0.5230769230769231,0.4444444444444444,71,31,54,34
0.01,elasticnet,huber,0.15,False,0.6578947368421053,0.0,0.0,0.0,125,65,0,0
0.01,elasticnet,huber,0.15,True,0.6578947368421053,0.0,0.0,0.0,125,65,0,0
0.01,elasticnet,huber,0.3,False,0.6578947368421053,0.0,0.0,0.0,125,65,0,0
0.01,elasticnet,huber,0.3,True,0.6578947368421053,0.0,0.0,0.0,125,65,0,0
0.01,elasticnet,huber,0.45,False,0.6578947368421053,0.0,0.0,0.0,125,65,0,0
0.01,elasticnet,huber,0.45,True,0.6578947368421053,0.0,0.0,0.0,125,65,0,0
0.01,elasticnet,huber,0.6,False,0.6578947368421053,0.0,0.0,0.0,125,65,0,0
0.01,elasticnet,huber,0.6,True,0.6578947368421053,0.0,0.0,0.0,125,65,0,0
0.01,elasticnet,huber,0.75,False,0.6578947368421053,0.0,0.0,0.0,125,65,0,0
0.01,elasticnet,huber,0.75,True,0.6578947368421053,0.0,0.0,0.0,125,65,0,0
0.01,elasticnet,epsilon_insensitive,0.15,False,0.7210526315789474,0.7142857142857143,0.3076923076923077,0.4301075268817205,117,45,8,20
0.01,elasticnet,epsilon_insensitive,0.15,True,0.7210526315789474,0.7,0.3230769230769231,0.4421052631578948,116,44,9,21
0.01,elasticnet,epsilon_insensitive,0.3,False,0.7263157894736842,0.7407407407407407,0.3076923076923077,0.4347826086956522,118,45,7,20
0.01,elasticnet,epsilon_insensitive,0.3,True,0.7210526315789474,0.7727272727272727,0.26153846153846155,0.39080459770114945,120,48,5,17
0.01,elasticnet,epsilon_insensitive,0.45,False,0.7210526315789474,0.7,0.3230769230769231,0.4421052631578948,116,44,9,21
0.01,elasticnet,epsilon_insensitive,0.45,True,0.7368421052631579,0.7272727272727273,0.36923076923076925,0.4897959183673469,116,41,9,24
0.01,elasticnet,epsilon_insensitive,0.6,False,0.7263157894736842,0.7096774193548387,0.3384615384615385,0.4583333333333334,116,43,9,22
0.01,elasticnet,epsilon_insensitive,0.6,True,0.7368421052631579,0.7272727272727273,0.36923076923076925,0.4897959183673469,116,41,9,24
0.01,elasticnet,epsilon_insensitive,0.75,False,0.7315789473684211,0.7058823529411765,0.36923076923076925,0.4848484848484848,115,41,10,24
0.01,elasticnet,epsilon_insensitive,0.75,True,0.7315789473684211,0.7058823529411765,0.36923076923076925,0.4848484848484848,115,41,10,24
0.01,elasticnet,squared_epsilon_insensitive,0.15,False,0.5473684210526316,0.3917525773195876,0.5846153846153846,0.4691358024691358,66,27,59,38
0.01,elasticnet,squared_epsilon_insensitive,0.15,True,0.6421052631578947,0.48148148148148145,0.6,0.5342465753424657,83,26,42,39
0.01,elasticnet,squared_epsilon_insensitive,0.3,False,0.46842105263157896,0.3,0.4153846153846154,0.34838709677419355,62,38,63,27
0.01,elasticnet,squared_epsilon_insensitive,0.3,True,0.5631578947368421,0.4,0.5538461538461539,0.4645161290322581,71,29,54,36
0.01,elasticnet,squared_epsilon_insensitive,0.45,False,0.48947368421052634,0.336734693877551,0.5076923076923077,0.40490797546012264,60,32,65,33
0.01,elasticnet,squared_epsilon_insensitive,0.45,True,0.48947368421052634,0.35454545454545455,0.6,0.44571428571428573,54,26,71,39
0.01,elasticnet,squared_epsilon_insensitive,0.6,False,0.4,0.27522935779816515,0.46153846153846156,0.3448275862068966,46,35,79,30
0.01,elasticnet,squared_epsilon_insensitive,0.6,True,0.4368421052631579,0.2980769230769231,0.47692307692307695,0.3668639053254438,52,34,73,31
0.01,elasticnet,squared_epsilon_insensitive,0.75,False,0.38421052631578945,0.22340425531914893,0.3230769230769231,0.2641509433962264,52,44,73,21
0.01,elasticnet,squared_epsilon_insensitive,0.75,True,0.41578947368421054,0.27884615384615385,0.4461538461538462,0.3431952662721893,50,36,75,29
